gate_name,gate_type,output,inputs,input_count,is_sequential,is_constant_input,has_bus_signal,level_to_input,level_to_output,level_to_output_ff,level_to_input_ff,and_gates_fanin,or_gates_fanin,nand_gates_fanin,nor_gates_fanin,not_gates_fanin,buf_gates_fanin,xor_gates_fanin,xnor_gates_fanin,diff_gates_fanin,and_gates_fanout,or_gates_fanout,nand_gates_fanout,nor_gates_fanout,not_gates_fanout,buf_gates_fanout,xor_gates_fanout,xnor_gates_fanout,diff_gates_fanout,gate_numbers,label
g0,nor,n294,"n126, n285",2,0,0,0,2,13,1,0,0,0,0,1,0,0,0,0,0,0,0,0,1,0,0,0,0,0,['g0'],Not_Trojan
g1,dff,n6[14],"1'b1, 1'b1, n0, n354",4,1,1,1,6,1,0,1,0,0,0,0,0,0,0,0,0,0,0,0,0,0,0,0,0,0,['g1'],Not_Trojan
g2,not,n471,n14[6],1,0,0,1,3,13,3,2,0,0,0,2,1,0,1,0,0,0,0,0,2,1,0,1,0,0,['g2'],Trojan
g3,nor,n352,"n13[0], n322",2,0,0,1,3,3,2,2,0,1,0,1,0,0,0,0,0,0,1,0,1,0,0,0,0,0,['g3'],Not_Trojan
g4,xor,n7[9],"n2[25], n2[9]",2,0,0,1,1,6,2,-1,0,2,0,24,7,0,2,0,0,0,2,0,24,7,0,2,0,0,['g4'],Not_Trojan
g5,nor,n251,"n156, n209",2,0,0,0,3,20,1,0,0,0,0,1,0,0,0,0,0,0,0,0,1,0,0,0,0,0,['g5'],Not_Trojan
g6,or,n513,"n558, n7[14]",2,0,0,1,2,5,1,-1,0,1,0,0,0,0,0,0,0,0,1,0,0,0,0,0,0,0,['g6'],Trojan
g7,not,n152,n2[0],1,0,0,1,1,7,2,-1,0,0,0,1,1,0,0,0,0,0,0,0,1,1,0,0,0,0,['g7'],Not_Trojan
g8,not,n476,n14[5],1,0,0,1,3,13,3,2,0,0,0,6,2,0,1,0,0,0,0,0,6,2,0,1,0,0,['g8'],Trojan
g9,or,n539,"n558, n499",2,0,0,0,2,5,1,-1,0,1,0,0,0,0,0,0,0,0,1,0,0,0,0,0,0,0,['g9'],Trojan
g10,not,n385,n5[3],1,0,0,1,4,5,10,2,0,38,0,57,5,0,1,2,0,0,38,0,57,5,0,1,2,0,['g10'],Not_Trojan
g11,dff,n10[12],"1'b1, 1'b1, n0, n242",4,1,1,1,4,15,0,1,0,0,0,0,0,0,0,0,0,0,0,0,0,0,0,0,0,0,['g11'],Not_Trojan
g12,not,n390,n406,1,0,0,0,6,8,13,4,0,41,0,57,5,0,1,2,0,0,41,0,57,5,0,1,2,0,['g12'],Not_Trojan
g13,not,n101,n100,1,0,0,0,7,24,5,4,0,0,0,34,18,0,1,0,0,0,0,0,34,18,0,1,0,0,['g13'],Not_Trojan
g14,buf,n4[18],n4[31],1,0,0,1,5,0,-1,3,0,0,0,0,0,0,0,0,0,0,0,0,0,0,0,0,0,0,['g14'],Not_Trojan
g15,nor,n325,"n137, n307",2,0,0,0,5,3,2,3,0,1,0,1,0,0,0,0,0,0,1,0,1,0,0,0,0,0,['g15'],Not_Trojan
g16,or,n199,"n197, n9[6]",2,0,0,1,4,12,9,2,0,4,0,20,1,0,0,0,0,0,4,0,20,1,0,0,0,0,['g16'],Not_Trojan
g17,nor,n247,"n164, n209",2,0,0,0,3,20,1,0,0,0,0,1,0,0,0,0,0,0,0,0,1,0,0,0,0,0,['g17'],Not_Trojan
g18,nor,n573,"n434, n435",2,0,0,0,3,5,1,0,0,0,0,1,0,0,0,0,0,0,0,0,1,0,0,0,0,0,['g18'],Trojan
g19,not,n170,n391,1,0,0,0,7,19,2,4,0,0,0,1,1,0,0,0,0,0,0,0,1,1,0,0,0,0,['g19'],Not_Trojan
g20,nor,n269,"n143, n257",2,0,0,0,5,17,3,3,0,0,0,3,0,0,0,0,0,0,0,0,3,0,0,0,0,0,['g20'],Not_Trojan
g21,nor,n266,"n174, n260",2,0,0,0,5,10,7,3,0,2,0,20,1,0,0,0,0,0,2,0,20,1,0,0,0,0,['g21'],Not_Trojan
g22,dff,n10[7],"1'b1, 1'b1, n0, n245",4,1,1,1,4,19,0,1,0,0,0,0,0,0,0,0,0,0,0,0,0,0,0,0,0,0,['g22'],Not_Trojan
g23,nor,n225,"n189, n126",2,0,0,0,2,7,1,0,0,0,0,1,0,0,0,0,0,0,0,0,1,0,0,0,0,0,['g23'],Not_Trojan
g24,dff,n8[0],"1'b1, 1'b1, n0, n303",4,1,1,1,3,4,0,1,0,0,0,0,0,0,0,0,0,0,0,0,0,0,0,0,0,0,['g24'],Not_Trojan
g25,not,n155,n408,1,0,0,0,6,15,4,4,0,0,0,3,1,0,0,0,0,0,0,0,3,1,0,0,0,0,['g25'],Not_Trojan
g26,or,n38,"n8[4], n37",2,0,0,1,4,10,15,2,0,43,0,57,5,0,1,2,0,0,43,0,57,5,0,1,2,0,['g26'],Not_Trojan
g27,dff,n8[5],"1'b1, 1'b1, n0, n296",4,1,1,1,3,11,0,1,0,0,0,0,0,0,0,0,0,0,0,0,0,0,0,0,0,0,['g27'],Not_Trojan
g28,not,n51,n50,1,0,0,0,6,19,7,4,0,0,0,38,12,0,1,0,0,0,0,0,38,12,0,1,0,0,['g28'],Not_Trojan
g29,nor,n114,"n10[13], n112",2,0,0,1,5,17,4,2,0,0,0,3,1,0,0,0,0,0,0,0,3,1,0,0,0,0,['g29'],Not_Trojan
g30,or,n364,"n329, n348",2,0,0,0,5,2,1,0,0,1,0,0,0,0,0,0,0,0,1,0,0,0,0,0,0,0,['g30'],Not_Trojan
g31,dff,n13[6],"n520, n537, n0, n569",4,1,0,1,3,4,0,1,0,0,0,0,0,0,0,0,0,0,0,0,0,0,0,0,0,0,['g31'],Trojan
g32,nor,n81,"n10[2], n79",2,0,0,1,5,20,4,2,0,0,0,3,1,0,0,0,0,0,0,0,3,1,0,0,0,0,['g32'],Not_Trojan
g33,dff,n8[6],"1'b1, 1'b1, n0, n295",4,1,1,1,3,11,0,1,0,0,0,0,0,0,0,0,0,0,0,0,0,0,0,0,0,0,['g33'],Not_Trojan
g34,not,n73,n10[11],1,0,0,1,5,21,5,2,0,0,0,22,12,0,1,0,0,0,0,0,22,12,0,1,0,0,['g34'],Not_Trojan
g35,nor,n435,"n416, n433",2,0,0,0,3,6,2,8,0,0,0,47,12,0,2,0,0,0,0,0,47,12,0,2,0,0,['g35'],Trojan
g36,not,n473,n14[4],1,0,0,1,3,13,3,2,0,0,0,10,3,0,1,0,0,0,0,0,10,3,0,1,0,0,['g36'],Trojan
g37,dff,n14[5],"n558, 1'b1, n0, n577",4,1,1,1,2,10,0,1,0,0,0,0,0,0,0,0,0,0,0,0,0,0,0,0,0,0,['g37'],Trojan
g38,nor,n370,"n126, n334",2,0,0,0,2,10,1,0,0,0,0,1,0,0,0,0,0,0,0,0,1,0,0,0,0,0,['g38'],Not_Trojan
g39,nor,n440,"n417, n438",2,0,0,0,3,6,2,12,0,0,0,42,10,0,1,0,0,0,0,0,42,10,0,1,0,0,['g39'],Trojan
g40,not,n544,n14[2],1,0,0,1,3,12,8,2,0,4,0,54,15,0,2,0,0,0,4,0,54,15,0,2,0,0,['g40'],Trojan
g41,not,n427,n7[10],1,0,0,1,2,7,3,-1,0,0,0,18,5,0,1,0,0,0,0,0,18,5,0,1,0,0,['g41'],Trojan
g42,not,n426,n7[8],1,0,0,1,2,7,3,-1,0,0,0,26,7,0,1,0,0,0,0,0,26,7,0,1,0,0,['g42'],Trojan
g43,xnor,n378,"n9[0], n10[0]",2,0,0,1,4,4,-1,2,0,0,0,0,0,0,1,4,0,0,0,0,0,0,0,1,4,0,['g43'],Not_Trojan
g44,nor,n220,"n126, n152",2,0,0,0,2,6,1,0,0,0,0,1,0,0,0,0,0,0,0,0,1,0,0,0,0,0,['g44'],Not_Trojan
g45,xnor,n124,"n2[5], n3[5]",2,0,0,1,1,7,3,-1,0,2,0,40,11,0,1,2,0,0,2,0,40,11,0,1,2,0,['g45'],Not_Trojan
g46,not,n86,n85,1,0,0,0,7,24,5,4,0,0,0,64,33,0,1,0,0,0,0,0,64,33,0,1,0,0,['g46'],Not_Trojan
g47,or,n535,"n558, n506",2,0,0,0,2,5,1,-1,0,1,0,0,0,0,0,0,0,0,1,0,0,0,0,0,0,0,['g47'],Trojan
g48,dff,n5[3],"1'b1, 1'b1, n0, n225",4,1,1,1,3,6,0,1,0,0,0,0,0,0,0,0,0,0,0,0,0,0,0,0,0,0,['g48'],Not_Trojan
g49,nor,n411,"n52, n53",2,0,0,0,5,19,5,3,0,0,0,4,1,0,0,0,0,0,0,0,4,1,0,0,0,0,['g49'],Not_Trojan
g50,nor,n434,"n7[2], n432",2,0,0,1,2,6,2,7,0,0,0,2,0,0,0,0,0,0,0,0,2,0,0,0,0,0,['g50'],Trojan
g51,dff,n10[1],"1'b1, 1'b1, n0, n250",4,1,1,1,4,17,0,1,0,0,0,0,0,0,0,0,0,0,0,0,0,0,0,0,0,0,['g51'],Not_Trojan
g52,or,n304,"n126, n301",2,0,0,0,2,4,3,4,0,33,0,34,2,0,0,0,0,0,33,0,34,2,0,0,0,0,['g52'],Not_Trojan
g53,xor,n7[11],"n2[27], n2[11]",2,0,0,1,1,6,2,-1,0,2,0,16,5,0,2,0,0,0,2,0,16,5,0,2,0,0,['g53'],Not_Trojan
g54,xnor,n120,"n2[1], n3[1]",2,0,0,1,1,7,3,-1,0,2,0,53,15,0,2,2,0,0,2,0,53,15,0,2,2,0,['g54'],Not_Trojan
g55,dff,n11[3],"1'b1, 1'b1, n0, n203",4,1,1,1,3,13,0,1,0,0,0,0,0,0,0,0,0,0,0,0,0,0,0,0,0,0,['g55'],Not_Trojan
g56,nor,n398,"n99, n100",2,0,0,0,6,22,3,3,0,0,0,2,1,0,0,0,0,0,0,0,2,1,0,0,0,0,['g56'],Not_Trojan
g57,nor,n289,"n269, n270",2,0,0,0,6,16,2,4,0,0,0,2,0,0,0,0,0,0,0,0,2,0,0,0,0,0,['g57'],Not_Trojan
g58,or,n371,"n333, n347",2,0,0,0,5,2,1,0,0,1,0,0,0,0,0,0,0,0,1,0,0,0,0,0,0,0,['g58'],Not_Trojan
g59,dff,n10[15],"1'b1, 1'b1, n0, n254",4,1,1,1,4,13,0,1,0,0,0,0,0,0,0,0,0,0,0,0,0,0,0,0,0,0,['g59'],Not_Trojan
g60,nor,n491,"n476, n489",2,0,0,0,4,12,2,3,0,0,0,6,1,0,1,0,0,0,0,0,6,1,0,1,0,0,['g60'],Trojan
g61,nor,n410,"n55, n56",2,0,0,0,5,16,5,3,0,0,0,4,1,0,0,0,0,0,0,0,4,1,0,0,0,0,['g61'],Not_Trojan
g62,not,n68,n10[5],1,0,0,1,5,24,5,2,0,0,0,58,30,0,1,0,0,0,0,0,58,30,0,1,0,0,['g62'],Not_Trojan
g63,nor,n91,"n68, n89",2,0,0,0,6,23,4,3,0,0,0,58,29,0,1,0,0,0,0,0,58,29,0,1,0,0,['g63'],Not_Trojan
g64,nor,n253,"n161, n209",2,0,0,0,3,20,1,0,0,0,0,1,0,0,0,0,0,0,0,0,1,0,0,0,0,0,['g64'],Not_Trojan
g65,not,n418,n7[6],1,0,0,1,2,7,3,-1,0,0,0,34,9,0,1,0,0,0,0,0,34,9,0,1,0,0,['g65'],Trojan
g66,not,n113,n112,1,0,0,0,7,18,5,4,0,0,0,10,6,0,1,0,0,0,0,0,10,6,0,1,0,0,['g66'],Not_Trojan
g67,nor,n52,"n8[3], n50",2,0,0,1,4,20,6,2,0,0,0,5,1,0,0,0,0,0,0,0,5,1,0,0,0,0,['g67'],Not_Trojan
g68,not,n416,n7[2],1,0,0,1,2,7,3,-1,0,0,0,47,13,0,2,0,0,0,0,0,47,13,0,2,0,0,['g68'],Trojan
g69,nor,n432,"n430, n425",2,0,0,0,3,6,2,6,0,0,0,51,13,0,2,0,0,0,0,0,51,13,0,2,0,0,['g69'],Trojan
g70,nor,n291,"n273, n280",2,0,0,0,6,18,2,4,0,0,0,2,0,0,0,0,0,0,0,0,2,0,0,0,0,0,['g70'],Not_Trojan
g71,xnor,n7[6],"n2[22], n125",2,0,0,1,1,6,2,-1,0,2,0,36,10,0,1,1,0,0,2,0,36,10,0,1,1,0,['g71'],Not_Trojan
g72,nor,n302,"n215, n284",2,0,0,0,4,8,5,3,0,0,0,20,1,0,0,0,0,0,0,0,20,1,0,0,0,0,['g72'],Not_Trojan
g73,dff,n9[3],"1'b1, 1'b1, n0, n232",4,1,1,1,3,15,0,1,0,0,0,0,0,0,0,0,0,0,0,0,0,0,0,0,0,0,['g73'],Not_Trojan
g74,not,n145,n415,1,0,0,0,6,8,7,4,0,36,0,57,4,0,0,0,0,0,36,0,57,4,0,0,0,0,['g74'],Not_Trojan
g75,not,n30,n8[1],1,0,0,1,4,15,20,2,0,44,0,60,6,0,1,2,0,0,44,0,60,6,0,1,2,0,['g75'],Not_Trojan
g76,nor,n334,"n313, n310",2,0,0,0,6,11,2,4,0,0,0,2,0,0,0,0,0,0,0,0,2,0,0,0,0,0,['g76'],Not_Trojan
g77,not,n104,n103,1,0,0,0,7,23,5,4,0,0,0,28,15,0,1,0,0,0,0,0,28,15,0,1,0,0,['g77'],Not_Trojan
g78,dff,n9[6],"1'b1, 1'b1, n0, n205",4,1,1,1,3,13,0,1,0,0,0,0,0,0,0,0,0,0,0,0,0,0,0,0,0,0,['g78'],Not_Trojan
g79,xnor,n123,"n2[7], n3[7]",2,0,0,1,1,7,3,-1,0,2,0,32,9,0,1,2,0,0,2,0,32,9,0,1,2,0,['g79'],Not_Trojan
g80,dff,n10[2],"1'b1, 1'b1, n0, n249",4,1,1,1,4,16,0,1,0,0,0,0,0,0,0,0,0,0,0,0,0,0,0,0,0,0,['g80'],Not_Trojan
g81,or,n519,"n558, n7[15]",2,0,0,1,2,5,1,-1,0,1,0,0,0,0,0,0,0,0,1,0,0,0,0,0,0,0,['g81'],Trojan
g82,nor,n323,"n140, n307",2,0,0,0,5,3,2,3,0,1,0,1,0,0,0,0,0,0,1,0,1,0,0,0,0,0,['g82'],Not_Trojan
g83,nor,n562,"n466, n467",2,0,0,0,3,5,1,0,0,0,0,1,0,0,0,0,0,0,0,0,1,0,0,0,0,0,['g83'],Trojan
g84,not,n307,n306,1,0,0,0,4,4,3,5,0,16,0,16,1,0,0,0,0,0,16,0,16,1,0,0,0,0,['g84'],Not_Trojan
g85,or,n37,"n8[7], n36",2,0,0,1,4,11,16,2,0,44,0,57,5,0,1,2,0,0,44,0,57,5,0,1,2,0,['g85'],Not_Trojan
g86,not,n176,n9[0],1,0,0,1,4,17,2,2,0,0,0,1,1,0,0,0,0,0,0,0,1,1,0,0,0,0,['g86'],Not_Trojan
g87,dff,n13[13],"n514, n530, n0, n562",4,1,0,1,3,4,0,1,0,0,0,0,0,0,0,0,0,0,0,0,0,0,0,0,0,0,['g87'],Trojan
g88,nor,n412,"n49, n50",2,0,0,0,5,19,5,3,0,0,0,4,1,0,0,0,0,0,0,0,4,1,0,0,0,0,['g88'],Not_Trojan
g89,xnor,n4[13],"n384, n6[13]",2,0,0,1,6,0,-1,2,0,0,0,0,0,0,0,0,0,0,0,0,0,0,0,0,0,0,['g89'],Not_Trojan
g90,not,n502,n7[9],1,0,0,1,2,6,2,-1,0,1,0,0,1,0,0,0,0,0,1,0,0,1,0,0,0,0,['g90'],Trojan
g91,nor,n281,"n167, n256",2,0,0,0,7,17,3,5,0,0,0,3,0,0,0,0,0,0,0,0,3,0,0,0,0,0,['g91'],Not_Trojan
g92,or,n198,"n190, n9[2]",2,0,0,1,4,13,10,2,0,5,0,20,1,0,0,0,0,0,5,0,20,1,0,0,0,0,['g92'],Not_Trojan
g93,nor,n559,"n554, n557",2,0,0,0,5,7,3,4,0,0,0,54,14,0,2,0,0,0,0,0,54,14,0,2,0,0,['g93'],Trojan
g94,dff,n10[13],"1'b1, 1'b1, n0, n241",4,1,1,1,4,13,0,1,0,0,0,0,0,0,0,0,0,0,0,0,0,0,0,0,0,0,['g94'],Not_Trojan
g95,not,n140,n13[11],1,0,0,1,4,4,3,2,0,1,0,1,1,0,0,0,0,0,1,0,1,1,0,0,0,0,['g95'],Not_Trojan
g96,not,n501,n7[13],1,0,0,1,2,6,2,-1,0,1,0,0,1,0,0,0,0,0,1,0,0,1,0,0,0,0,['g96'],Trojan
g97,not,n74,n10[14],1,0,0,1,5,18,5,2,0,0,0,4,3,0,1,0,0,0,0,0,4,3,0,1,0,0,['g97'],Not_Trojan
g98,dff,n14[2],"n558, 1'b1, n0, n580",4,1,1,1,2,13,0,1,0,0,0,0,0,0,0,0,0,0,0,0,0,0,0,0,0,0,['g98'],Trojan
g99,nor,n223,"n176, n126",2,0,0,0,2,16,1,0,0,0,0,1,0,0,0,0,0,0,0,0,1,0,0,0,0,0,['g99'],Not_Trojan
g100,or,n264,"n214, n237",2,0,0,0,5,11,8,3,0,3,0,20,1,0,0,0,0,0,3,0,20,1,0,0,0,0,['g100'],Not_Trojan
g101,dff,n8[1],"1'b1, 1'b1, n0, n300",4,1,1,1,3,16,0,1,0,0,0,0,0,0,0,0,0,0,0,0,0,0,0,0,0,0,['g101'],Not_Trojan
g102,dff,n13[9],"n517, n534, n0, n566",4,1,0,1,3,4,0,1,0,0,0,0,0,0,0,0,0,0,0,0,0,0,0,0,0,0,['g102'],Trojan
g103,xnor,n376,"n2[0], n3[0]",2,0,0,1,1,6,2,-1,0,2,0,0,1,0,0,2,0,0,2,0,0,1,0,0,2,0,['g103'],Not_Trojan
g104,or,n382,"n388, n380",2,0,0,0,5,4,9,3,0,38,0,57,4,0,1,2,0,0,38,0,57,4,0,1,2,0,['g104'],Not_Trojan
g105,dff,n5[4],"1'b1, 1'b1, n0, n229",4,1,1,1,3,8,0,1,0,0,0,0,0,0,0,0,0,0,0,0,0,0,0,0,0,0,['g105'],Not_Trojan
g106,or,n543,"n558, n510",2,0,0,0,2,5,1,-1,0,1,0,0,0,0,0,0,0,0,1,0,0,0,0,0,0,0,['g106'],Trojan
g107,not,n161,n401,1,0,0,0,7,21,2,4,0,0,0,1,1,0,0,0,0,0,0,0,1,1,0,0,0,0,['g107'],Not_Trojan
g108,not,n506,n7[8],1,0,0,1,2,6,2,-1,0,1,0,0,1,0,0,0,0,0,1,0,0,1,0,0,0,0,['g108'],Trojan
g109,or,n365,"n330, n349",2,0,0,0,5,2,1,0,0,1,0,0,0,0,0,0,0,0,1,0,0,0,0,0,0,0,['g109'],Not_Trojan
g110,dff,n5[0],"1'b1, 1'b1, n0, n226",4,1,1,1,3,8,0,1,0,0,0,0,0,0,0,0,0,0,0,0,0,0,0,0,0,0,['g110'],Not_Trojan
g111,nor,n111,"n10[12], n109",2,0,0,1,5,19,4,2,0,0,0,3,1,0,0,0,0,0,0,0,3,1,0,0,0,0,['g111'],Not_Trojan
g112,nor,n445,"n7[6], n443",2,0,0,1,2,6,2,15,0,0,0,2,0,0,0,0,0,0,0,0,2,0,0,0,0,0,['g112'],Trojan
g113,xor,n7[8],"n2[24], n2[8]",2,0,0,1,1,6,2,-1,0,2,0,28,8,0,2,0,0,0,2,0,28,8,0,2,0,0,['g113'],Not_Trojan
g114,xnor,n4[10],"n384, n6[10]",2,0,0,1,6,0,-1,2,0,0,0,0,0,0,0,0,0,0,0,0,0,0,0,0,0,0,['g114'],Not_Trojan
g115,dff,n6[16],"1'b1, 1'b1, n0, n321",4,1,1,1,3,1,0,1,0,0,0,0,0,0,0,0,0,0,0,0,0,0,0,0,0,0,['g115'],Not_Trojan
g116,nor,n82,"n67, n80",2,0,0,0,6,20,4,3,0,0,0,76,38,0,1,0,0,0,0,0,76,38,0,1,0,0,['g116'],Not_Trojan
g117,nor,n564,"n460, n461",2,0,0,0,3,5,1,0,0,0,0,1,0,0,0,0,0,0,0,0,1,0,0,0,0,0,['g117'],Trojan
g118,not,n496,n7[11],1,0,0,1,2,6,2,-1,0,1,0,0,1,0,0,0,0,0,1,0,0,1,0,0,0,0,['g118'],Trojan
g119,not,n456,n455,1,0,0,0,4,7,3,23,0,0,0,18,5,0,1,0,0,0,0,0,18,5,0,1,0,0,['g119'],Trojan
g120,not,n558,n1,1,0,0,0,1,6,1,-1,0,32,0,0,1,0,0,0,0,0,32,0,0,1,0,0,0,0,['g120'],Trojan
g121,or,n293,"n266, n290",2,0,0,0,6,9,6,4,0,2,0,19,1,0,0,0,0,0,2,0,19,1,0,0,0,0,['g121'],Not_Trojan
g122,nor,n395,"n90, n91",2,0,0,0,6,22,3,3,0,0,0,2,1,0,0,0,0,0,0,0,2,1,0,0,0,0,['g122'],Not_Trojan
g123,or,n18,"n10[7], n10[6]",2,0,0,1,5,18,15,2,0,7,0,22,2,0,0,0,0,0,7,0,22,2,0,0,0,0,['g123'],Not_Trojan
g124,nor,n55,"n8[4], n53",2,0,0,1,4,17,6,2,0,0,0,5,1,0,0,0,0,0,0,0,5,1,0,0,0,0,['g124'],Not_Trojan
g125,nor,n87,"n10[4], n85",2,0,0,1,5,23,4,2,0,0,0,3,1,0,0,0,0,0,0,0,3,1,0,0,0,0,['g125'],Not_Trojan
g126,not,n67,n10[2],1,0,0,1,5,21,5,2,0,0,0,76,39,0,1,0,0,0,0,0,76,39,0,1,0,0,['g126'],Not_Trojan
g127,dff,n9[7],"1'b1, 1'b1, n0, n204",4,1,1,1,3,14,0,1,0,0,0,0,0,0,0,0,0,0,0,0,0,0,0,0,0,0,['g127'],Not_Trojan
g128,not,n48,n47,1,0,0,0,6,21,7,4,0,0,0,48,15,0,1,0,0,0,0,0,48,15,0,1,0,0,['g128'],Not_Trojan
g129,xor,n7[15],"n2[31], n2[15]",2,0,0,1,1,6,2,-1,0,2,0,0,1,0,2,0,0,0,2,0,0,1,0,2,0,0,['g129'],Not_Trojan
g130,nor,n466,"n7[13], n464",2,0,0,1,2,6,2,29,0,0,0,2,0,0,0,0,0,0,0,0,2,0,0,0,0,0,['g130'],Trojan
g131,not,n95,n94,1,0,0,0,7,24,5,4,0,0,0,46,24,0,1,0,0,0,0,0,46,24,0,1,0,0,['g131'],Not_Trojan
g132,not,n188,n9[2],1,0,0,1,4,17,2,2,0,0,0,1,1,0,0,0,0,0,0,0,1,1,0,0,0,0,['g132'],Not_Trojan
g133,nor,n315,"n173, n308",2,0,0,0,5,6,3,3,0,0,0,3,0,0,0,0,0,0,0,0,3,0,0,0,0,0,['g133'],Not_Trojan
g134,nor,n284,"n216, n265",2,0,0,0,3,9,6,3,0,0,0,21,1,0,0,0,0,0,0,0,21,1,0,0,0,0,['g134'],Not_Trojan
g135,or,n522,"n558, n7[5]",2,0,0,1,2,5,1,-1,0,1,0,0,0,0,0,0,0,0,1,0,0,0,0,0,0,0,['g135'],Trojan
g136,not,n187,n5[4],1,0,0,1,4,11,2,2,0,0,0,1,1,0,0,0,0,0,0,0,1,1,0,0,0,0,['g136'],Not_Trojan
g137,not,n489,n488,1,0,0,0,5,13,3,4,0,0,0,6,2,0,1,0,0,0,0,0,6,2,0,1,0,0,['g137'],Trojan
g138,xnor,n4[5],"n384, n6[5]",2,0,0,1,6,0,-1,2,0,0,0,0,0,0,0,0,0,0,0,0,0,0,0,0,0,0,['g138'],Not_Trojan
g139,nor,n292,"n272, n281",2,0,0,0,6,16,2,4,0,0,0,2,0,0,0,0,0,0,0,0,2,0,0,0,0,0,['g139'],Not_Trojan
g140,not,n441,n440,1,0,0,0,4,7,3,13,0,0,0,38,10,0,1,0,0,0,0,0,38,10,0,1,0,0,['g140'],Trojan
g141,xnor,n4[11],"n384, n6[11]",2,0,0,1,6,0,-1,2,0,0,0,0,0,0,0,0,0,0,0,0,0,0,0,0,0,0,['g141'],Not_Trojan
g142,dff,n11[0],"1'b1, 1'b1, n0, n206",4,1,1,1,3,3,0,1,0,0,0,0,0,0,0,0,0,0,0,0,0,0,0,0,0,0,['g142'],Not_Trojan
g143,nor,n262,"n231, n239",2,0,0,0,4,7,6,3,0,34,0,36,2,0,0,0,0,0,34,0,36,2,0,0,0,0,['g143'],Not_Trojan
g144,nor,n100,"n69, n98",2,0,0,0,6,23,4,3,0,0,0,40,20,0,1,0,0,0,0,0,40,20,0,1,0,0,['g144'],Not_Trojan
g145,nor,n341,"n13[11], n322",2,0,0,1,4,3,2,2,0,1,0,1,0,0,0,0,0,0,1,0,1,0,0,0,0,0,['g145'],Not_Trojan
g146,or,n217,"n175, n169",2,0,0,0,5,11,8,3,0,1,0,22,1,0,0,0,0,0,1,0,22,1,0,0,0,0,['g146'],Not_Trojan
g147,nor,n338,"n13[14], n322",2,0,0,1,4,3,2,2,0,1,0,1,0,0,0,0,0,0,1,0,1,0,0,0,0,0,['g147'],Not_Trojan
g148,buf,n4[28],n4[31],1,0,0,1,5,0,-1,3,0,0,0,0,0,0,0,0,0,0,0,0,0,0,0,0,0,0,['g148'],Not_Trojan
g149,or,n24,"n22, n19",2,0,0,0,6,17,14,3,0,6,0,22,2,0,0,0,0,0,6,0,22,2,0,0,0,0,['g149'],Not_Trojan
g150,or,n362,"n327, n346",2,0,0,0,5,2,1,0,0,1,0,0,0,0,0,0,0,0,1,0,0,0,0,0,0,0,['g150'],Not_Trojan
g151,not,n507,n7[5],1,0,0,1,2,6,2,-1,0,1,0,0,1,0,0,0,0,0,1,0,0,1,0,0,0,0,['g151'],Trojan
g152,not,n138,n13[7],1,0,0,1,4,4,3,2,0,1,0,1,1,0,0,0,0,0,1,0,1,1,0,0,0,0,['g152'],Not_Trojan
g153,nor,n479,"n475, n472",2,0,0,0,4,15,2,3,0,0,0,22,5,0,1,0,0,0,0,0,22,5,0,1,0,0,['g153'],Trojan
g154,xnor,n122,"n2[4], n3[4]",2,0,0,1,1,7,3,-1,0,2,0,44,12,0,1,2,0,0,2,0,44,12,0,1,2,0,['g154'],Not_Trojan
g155,nor,n340,"n13[12], n322",2,0,0,1,4,3,2,2,0,1,0,1,0,0,0,0,0,0,1,0,1,0,0,0,0,0,['g155'],Not_Trojan
g156,not,n308,n309,1,0,0,0,6,7,4,5,0,0,0,9,1,0,0,0,0,0,0,0,9,1,0,0,0,0,['g156'],Not_Trojan
g157,nor,n310,"n263, n309",2,0,0,0,6,12,3,4,0,0,0,3,0,0,0,0,0,0,0,0,3,0,0,0,0,0,['g157'],Not_Trojan
g158,nor,n296,"n126, n287",2,0,0,0,2,12,1,0,0,0,0,1,0,0,0,0,0,0,0,0,1,0,0,0,0,0,['g158'],Not_Trojan
g159,nor,n577,"n490, n491",2,0,0,0,4,11,1,0,0,0,0,1,0,0,0,0,0,0,0,0,1,0,0,0,0,0,['g159'],Trojan
g160,nor,n470,"n423, n468",2,0,0,0,3,6,2,32,0,0,0,2,0,0,1,0,0,0,0,0,2,0,0,1,0,0,['g160'],Trojan
g161,nor,n574,"n432, n431",2,0,0,0,3,5,1,0,0,0,0,1,0,0,0,0,0,0,0,0,1,0,0,0,0,0,['g161'],Trojan
g162,nor,n53,"n42, n51",2,0,0,0,5,18,6,3,0,0,0,38,11,0,1,0,0,0,0,0,38,11,0,1,0,0,['g162'],Not_Trojan
g163,not,n131,n13[12],1,0,0,1,4,4,3,2,0,1,0,1,1,0,0,0,0,0,1,0,1,1,0,0,0,0,['g163'],Not_Trojan
g164,nor,n59,"n44, n57",2,0,0,0,5,17,6,3,0,0,0,18,5,0,1,0,0,0,0,0,18,5,0,1,0,0,['g164'],Not_Trojan
g165,or,n527,"n558, n7[0]",2,0,0,1,2,5,1,1,0,1,0,0,0,0,0,0,0,0,1,0,0,0,0,0,0,0,['g165'],Trojan
g166,nor,n36,"n32, n35",2,0,0,0,5,12,17,3,0,44,0,58,5,0,1,2,0,0,44,0,58,5,0,1,2,0,['g166'],Not_Trojan
g167,not,n486,n485,1,0,0,0,5,13,3,4,0,0,0,10,3,0,1,0,0,0,0,0,10,3,0,1,0,0,['g167'],Trojan
g168,nor,n201,"n185, n126",2,0,0,0,2,7,1,0,0,0,0,1,0,0,0,0,0,0,0,0,1,0,0,0,0,0,['g168'],Not_Trojan
g169,nor,n350,"n13[2], n322",2,0,0,1,4,3,2,2,0,1,0,1,0,0,0,0,0,0,1,0,1,0,0,0,0,0,['g169'],Not_Trojan
g170,not,n40,n8[0],1,0,0,1,4,22,7,2,0,0,0,58,18,0,1,0,0,0,0,0,58,18,0,1,0,0,['g170'],Not_Trojan
g171,not,n545,n14[0],1,0,0,1,3,12,8,2,0,4,0,54,15,0,2,0,0,0,4,0,54,15,0,2,0,0,['g171'],Trojan
g172,xnor,n7[1],"n2[17], n120",2,0,0,1,1,6,2,-1,0,2,0,53,15,0,2,1,0,0,2,0,53,15,0,2,1,0,['g172'],Not_Trojan
g173,nor,n347,"n13[5], n322",2,0,0,1,4,3,2,2,0,1,0,1,0,0,0,0,0,0,1,0,1,0,0,0,0,0,['g173'],Not_Trojan
g174,dff,n9[2],"1'b1, 1'b1, n0, n219",4,1,1,1,3,14,0,1,0,0,0,0,0,0,0,0,0,0,0,0,0,0,0,0,0,0,['g174'],Not_Trojan
g175,not,n150,n392,1,0,0,0,7,18,2,4,0,0,0,1,1,0,0,0,0,0,0,0,1,1,0,0,0,0,['g175'],Not_Trojan
g176,xor,n7[13],"n2[29], n2[13]",2,0,0,1,1,6,2,-1,0,2,0,8,3,0,2,0,0,0,2,0,8,3,0,2,0,0,['g176'],Not_Trojan
g177,dff,n13[2],"n525, n543, n0, n573",4,1,0,1,3,4,0,1,0,0,0,0,0,0,0,0,0,0,0,0,0,0,0,0,0,0,['g177'],Trojan
g178,not,n211,n210,1,0,0,0,6,8,5,4,0,36,0,59,4,0,0,0,0,0,36,0,59,4,0,0,0,0,['g178'],Not_Trojan
g179,nor,n115,"n64, n113",2,0,0,0,6,17,4,3,0,0,0,10,5,0,1,0,0,0,0,0,10,5,0,1,0,0,['g179'],Not_Trojan
g180,not,n172,n12[1],1,0,0,1,4,9,4,2,0,73,0,125,8,0,0,0,0,0,73,0,125,8,0,0,0,0,['g180'],Not_Trojan
g181,nor,n286,"n268, n276",2,0,0,0,6,13,2,4,0,0,0,2,0,0,0,0,0,0,0,0,2,0,0,0,0,0,['g181'],Not_Trojan
g182,dff,n8[4],"1'b1, 1'b1, n0, n297",4,1,1,1,3,11,0,1,0,0,0,0,0,0,0,0,0,0,0,0,0,0,0,0,0,0,['g182'],Not_Trojan
g183,dff,n11[1],"1'b1, 1'b1, n0, n221",4,1,1,1,3,13,0,1,0,0,0,0,0,0,0,0,0,0,0,0,0,0,0,0,0,0,['g183'],Not_Trojan
g184,nor,n34,"n30, n31",2,0,0,0,5,14,19,3,0,44,0,60,5,0,1,2,0,0,44,0,60,5,0,1,2,0,['g184'],Not_Trojan
g185,dff,n5[2],"1'b1, 1'b1, n0, n222",4,1,1,1,3,5,0,1,0,0,0,0,0,0,0,0,0,0,0,0,0,0,0,0,0,0,['g185'],Not_Trojan
g186,nor,n327,"n147, n307",2,0,0,0,5,3,2,3,0,1,0,1,0,0,0,0,0,0,1,0,1,0,0,0,0,0,['g186'],Not_Trojan
g187,buf,n4[24],n4[31],1,0,0,1,5,0,-1,3,0,0,0,0,0,0,0,0,0,0,0,0,0,0,0,0,0,0,['g187'],Not_Trojan
g188,nor,n260,"n145, n213",2,0,0,0,6,11,8,4,0,2,0,21,1,0,0,0,0,0,2,0,21,1,0,0,0,0,['g188'],Not_Trojan
g189,nor,n324,"n141, n307",2,0,0,0,5,3,2,3,0,1,0,1,0,0,0,0,0,0,1,0,1,0,0,0,0,0,['g189'],Not_Trojan
g190,dff,n10[6],"1'b1, 1'b1, n0, n246",4,1,1,1,4,19,0,1,0,0,0,0,0,0,0,0,0,0,0,0,0,0,0,0,0,0,['g190'],Not_Trojan
g191,not,n428,n7[7],1,0,0,1,2,7,3,-1,0,0,0,30,8,0,1,0,0,0,0,0,30,8,0,1,0,0,['g191'],Trojan
g192,or,n305,"n258, n293",2,0,0,0,7,8,5,5,0,1,0,19,1,0,0,0,0,0,1,0,19,1,0,0,0,0,['g192'],Not_Trojan
g193,nor,n216,"n128, n12[1]",2,0,0,1,2,9,7,2,0,35,0,58,3,0,0,0,0,0,35,0,58,3,0,0,0,0,['g193'],Not_Trojan
g194,or,n283,"n12[2], n262",2,0,0,1,4,6,5,2,0,34,0,35,2,0,0,0,0,0,34,0,35,2,0,0,0,0,['g194'],Not_Trojan
g195,dff,n14[6],"n558, 1'b1, n0, n576",4,1,1,1,2,10,0,1,0,0,0,0,0,0,0,0,0,0,0,0,0,0,0,0,0,0,['g195'],Trojan
g196,dff,n13[5],"n522, n538, n0, n570",4,1,0,1,3,4,0,1,0,0,0,0,0,0,0,0,0,0,0,0,0,0,0,0,0,0,['g196'],Trojan
g197,or,n541,"n558, n504",2,0,0,0,2,5,1,-1,0,1,0,0,0,0,0,0,0,0,1,0,0,0,0,0,0,0,['g197'],Trojan
g198,nor,n485,"n474, n483",2,0,0,0,4,13,2,3,0,0,0,14,3,0,1,0,0,0,0,0,14,3,0,1,0,0,['g198'],Trojan
g199,or,n360,"n325, n344",2,0,0,0,5,2,1,0,0,1,0,0,0,0,0,0,0,0,1,0,0,0,0,0,0,0,['g199'],Not_Trojan
g200,dff,n6[11],"1'b1, 1'b1, n0, n357",4,1,1,1,6,1,0,1,0,0,0,0,0,0,0,0,0,0,0,0,0,0,0,0,0,0,['g200'],Not_Trojan
g201,nor,n330,"n130, n307",2,0,0,0,5,3,2,3,0,1,0,1,0,0,0,0,0,0,1,0,1,0,0,0,0,0,['g201'],Not_Trojan
g202,not,n171,n398,1,0,0,0,7,21,2,4,0,0,0,1,1,0,0,0,0,0,0,0,1,1,0,0,0,0,['g202'],Not_Trojan
g203,nor,n278,"n154, n256",2,0,0,0,7,14,3,5,0,0,0,3,0,0,0,0,0,0,0,0,3,0,0,0,0,0,['g203'],Not_Trojan
g204,or,n239,"n12[0], n216",2,0,0,1,3,8,7,2,0,35,0,36,2,0,0,0,0,0,35,0,36,2,0,0,0,0,['g204'],Not_Trojan
g205,xor,n383,"n415, n381",2,0,0,0,5,2,-1,3,0,0,0,0,0,0,1,2,0,0,0,0,0,0,0,1,2,0,['g205'],Not_Trojan
g206,nor,n255,"n145, n214",2,0,0,0,5,7,6,3,0,34,0,36,2,0,0,0,0,0,34,0,36,2,0,0,0,0,['g206'],Not_Trojan
g207,or,n361,"n326, n345",2,0,0,0,5,2,1,0,0,1,0,0,0,0,0,0,0,0,1,0,0,0,0,0,0,0,['g207'],Not_Trojan
g208,not,n549,n14[1],1,0,0,1,3,12,8,2,0,4,0,54,15,0,2,0,0,0,4,0,54,15,0,2,0,0,['g208'],Trojan
g209,xnor,n4[8],"n384, n6[8]",2,0,0,1,6,0,-1,2,0,0,0,0,0,0,0,0,0,0,0,0,0,0,0,0,0,0,['g209'],Not_Trojan
g210,nor,n481,"n14[2], n479",2,0,0,1,3,15,2,2,0,0,0,2,0,0,0,0,0,0,0,0,2,0,0,0,0,0,['g210'],Trojan
g211,not,n422,n7[9],1,0,0,1,2,7,3,-1,0,0,0,22,6,0,1,0,0,0,0,0,22,6,0,1,0,0,['g211'],Trojan
g212,nor,n118,"n74, n116",2,0,0,0,6,17,4,3,0,0,0,4,2,0,1,0,0,0,0,0,4,2,0,1,0,0,['g212'],Not_Trojan
g213,nor,n50,"n45, n48",2,0,0,0,5,20,6,3,0,0,0,48,14,0,1,0,0,0,0,0,48,14,0,1,0,0,['g213'],Not_Trojan
g214,nor,n403,"n114, n115",2,0,0,0,6,16,3,3,0,0,0,2,1,0,0,0,0,0,0,0,2,1,0,0,0,0,['g214'],Not_Trojan
g215,not,n425,n559,1,0,0,0,6,7,3,5,0,0,0,51,14,0,2,0,0,0,0,0,51,14,0,2,0,0,['g215'],Trojan
g216,xnor,n7[0],"n2[16], n376",2,0,0,1,1,5,1,0,0,2,0,0,1,0,0,1,0,0,2,0,0,1,0,0,1,0,['g216'],Not_Trojan
g217,not,n387,n5[7],1,0,0,1,4,7,12,2,0,40,0,57,5,0,1,2,0,0,40,0,57,5,0,1,2,0,['g217'],Not_Trojan
g218,nor,n446,"n418, n444",2,0,0,0,3,6,2,16,0,0,0,34,8,0,1,0,0,0,0,0,34,8,0,1,0,0,['g218'],Trojan
g219,nor,n487,"n14[4], n485",2,0,0,1,3,12,2,2,0,0,0,2,0,0,0,0,0,0,0,0,2,0,0,0,0,0,['g219'],Trojan
g220,buf,n4[23],n4[31],1,0,0,1,5,0,-1,3,0,0,0,0,0,0,0,0,0,0,0,0,0,0,0,0,0,0,['g220'],Not_Trojan
g221,nor,n280,"n153, n256",2,0,0,0,7,19,3,5,0,0,0,3,0,0,0,0,0,0,0,0,3,0,0,0,0,0,['g221'],Not_Trojan
g222,nor,n221,"n175, n126",2,0,0,0,2,14,1,0,0,0,0,1,0,0,0,0,0,0,0,0,1,0,0,0,0,0,['g222'],Not_Trojan
g223,not,n70,n10[7],1,0,0,1,5,24,5,2,0,0,0,46,24,0,1,0,0,0,0,0,46,24,0,1,0,0,['g223'],Not_Trojan
g224,xnor,n4[15],"n384, n6[15]",2,0,0,1,6,0,-1,2,0,0,0,0,0,0,0,0,0,0,0,0,0,0,0,0,0,0,['g224'],Not_Trojan
g225,nor,n272,"n191, n257",2,0,0,0,5,17,3,3,0,0,0,3,0,0,0,0,0,0,0,0,3,0,0,0,0,0,['g225'],Not_Trojan
g226,buf,n4[19],n4[31],1,0,0,1,5,0,-1,3,0,0,0,0,0,0,0,0,0,0,0,0,0,0,0,0,0,0,['g226'],Not_Trojan
g227,nor,n265,"n217, n259",2,0,0,0,6,10,7,4,0,0,0,22,1,0,0,0,0,0,0,0,22,1,0,0,0,0,['g227'],Not_Trojan
g228,nor,n460,"n7[11], n458",2,0,0,1,2,6,2,25,0,0,0,2,0,0,0,0,0,0,0,0,2,0,0,0,0,0,['g228'],Trojan
g229,not,n60,n59,1,0,0,0,6,18,7,4,0,0,0,8,3,0,1,0,0,0,0,0,8,3,0,1,0,0,['g229'],Not_Trojan
g230,xnor,n4[2],"n384, n6[2]",2,0,0,1,6,0,-1,2,0,0,0,0,0,0,0,0,0,0,0,0,0,0,0,0,0,0,['g230'],Not_Trojan
g231,or,n557,"n546, n556",2,0,0,0,4,8,4,3,0,1,0,54,14,0,2,0,0,0,1,0,54,14,0,2,0,0,['g231'],Trojan
g232,dff,n6[6],"1'b1, 1'b1, n0, n362",4,1,1,1,6,1,0,1,0,0,0,0,0,0,0,0,0,0,0,0,0,0,0,0,0,0,['g232'],Not_Trojan
g233,dff,n13[15],"n519, n528, n0, n560",4,1,0,1,3,4,0,1,0,0,0,0,0,0,0,0,0,0,0,0,0,0,0,0,0,0,['g233'],Trojan
g234,not,n420,n7[11],1,0,0,1,2,7,3,-1,0,0,0,14,4,0,1,0,0,0,0,0,14,4,0,1,0,0,['g234'],Trojan
g235,nor,n35,"n8[2], n34",2,0,0,1,4,13,18,2,0,44,0,59,5,0,1,2,0,0,44,0,59,5,0,1,2,0,['g235'],Not_Trojan
g236,nor,n463,"n7[12], n461",2,0,0,1,2,6,2,27,0,0,0,2,0,0,0,0,0,0,0,0,2,0,0,0,0,0,['g236'],Trojan
g237,not,n511,n7[15],1,0,0,1,2,6,2,-1,0,1,0,0,1,0,0,0,0,0,1,0,0,1,0,0,0,0,['g237'],Trojan
g238,nor,n580,"n481, n482",2,0,0,0,4,14,1,0,0,0,0,1,0,0,0,0,0,0,0,0,1,0,0,0,0,0,['g238'],Trojan
g239,not,n178,n5[3],1,0,0,1,4,10,2,2,0,0,0,1,1,0,0,0,0,0,0,0,1,1,0,0,0,0,['g239'],Not_Trojan
g240,xor,n560,"n7[15], n470",2,0,0,1,2,5,1,0,0,0,0,0,0,0,1,0,0,0,0,0,0,0,0,1,0,0,['g240'],Trojan
g241,nor,n342,"n13[10], n322",2,0,0,1,4,3,2,2,0,1,0,1,0,0,0,0,0,0,1,0,1,0,0,0,0,0,['g241'],Not_Trojan
g242,not,n141,n13[9],1,0,0,1,4,4,3,2,0,1,0,1,1,0,0,0,0,0,1,0,1,1,0,0,0,0,['g242'],Not_Trojan
g243,not,n510,n7[2],1,0,0,1,2,6,2,-1,0,1,0,0,1,0,0,0,0,0,1,0,0,1,0,0,0,0,['g243'],Trojan
g244,xnor,n384,"n377, n383",2,0,0,0,5,1,-1,3,0,0,0,0,0,0,0,2,0,0,0,0,0,0,0,0,2,0,['g244'],Not_Trojan
g245,not,n179,n9[1],1,0,0,1,4,14,2,2,0,5,0,21,2,0,0,0,0,0,5,0,21,2,0,0,0,0,['g245'],Not_Trojan
g246,dff,n6[12],"1'b1, 1'b1, n0, n356",4,1,1,1,6,1,0,1,0,0,0,0,0,0,0,0,0,0,0,0,0,0,0,0,0,0,['g246'],Not_Trojan
g247,not,n181,n9[6],1,0,0,1,4,16,2,2,0,0,0,1,1,0,0,0,0,0,0,0,1,1,0,0,0,0,['g247'],Not_Trojan
g248,nor,n457,"n7[10], n455",2,0,0,1,2,6,2,23,0,0,0,2,0,0,0,0,0,0,0,0,2,0,0,0,0,0,['g248'],Trojan
g249,xnor,n381,"n378, n8[0]",2,0,0,1,4,3,-1,2,0,0,0,0,0,0,1,3,0,0,0,0,0,0,0,1,3,0,['g249'],Not_Trojan
g250,nor,n243,"n158, n209",2,0,0,0,3,17,1,0,0,0,0,1,0,0,0,0,0,0,0,0,1,0,0,0,0,0,['g250'],Not_Trojan
g251,not,n127,n13[0],1,0,0,1,3,4,2,2,0,1,0,2,1,0,0,0,0,0,1,0,2,1,0,0,0,0,['g251'],Not_Trojan
g252,nor,n299,"n126, n292",2,0,0,0,2,15,1,0,0,0,0,1,0,0,0,0,0,0,0,0,1,0,0,0,0,0,['g252'],Not_Trojan
g253,nor,n207,"n144, n126",2,0,0,0,2,15,1,0,0,0,0,1,0,0,0,0,0,0,0,0,1,0,0,0,0,0,['g253'],Not_Trojan
g254,not,n500,n7[7],1,0,0,1,2,6,2,-1,0,1,0,0,1,0,0,0,0,0,1,0,0,1,0,0,0,0,['g254'],Trojan
g255,nor,n316,"n127, n307",2,0,0,0,4,3,2,3,0,1,0,1,0,0,0,0,0,0,1,0,1,0,0,0,0,0,['g255'],Not_Trojan
g256,not,n130,n13[3],1,0,0,1,4,4,3,2,0,1,0,1,1,0,0,0,0,0,1,0,1,1,0,0,0,0,['g256'],Not_Trojan
g257,or,n529,"n558, n497",2,0,0,0,2,5,1,-1,0,1,0,0,0,0,0,0,0,0,1,0,0,0,0,0,0,0,['g257'],Trojan
g258,or,n21,"n10[15], n10[14]",2,0,0,1,5,12,9,2,0,3,0,20,2,0,0,0,0,0,3,0,20,2,0,0,0,0,['g258'],Not_Trojan
g259,nor,n254,"n159, n209",2,0,0,0,3,14,1,0,0,0,0,1,0,0,0,0,0,0,0,0,1,0,0,0,0,0,['g259'],Not_Trojan
g260,dff,n13[7],"n521, n536, n0, n568",4,1,0,1,3,4,0,1,0,0,0,0,0,0,0,0,0,0,0,0,0,0,0,0,0,0,['g260'],Trojan
g261,or,n553,"n547, n544",2,0,0,0,4,11,7,3,0,4,0,54,14,0,2,0,0,0,4,0,54,14,0,2,0,0,['g261'],Trojan
g262,not,n136,n13[5],1,0,0,1,4,4,3,2,0,1,0,1,1,0,0,0,0,0,1,0,1,1,0,0,0,0,['g262'],Not_Trojan
g263,not,n143,n8[3],1,0,0,1,4,18,4,2,0,0,0,3,1,0,0,0,0,0,0,0,3,1,0,0,0,0,['g263'],Not_Trojan
g264,buf,n4[25],n4[31],1,0,0,1,5,0,-1,3,0,0,0,0,0,0,0,0,0,0,0,0,0,0,0,0,0,0,['g264'],Not_Trojan
g265,not,n509,n14[0],1,0,0,1,3,14,1,0,0,0,0,0,1,0,0,0,0,0,0,0,0,1,0,0,0,0,['g265'],Trojan
g266,or,n29,"n10[13], n28",2,0,0,1,5,12,9,2,0,3,0,20,2,0,0,0,0,0,3,0,20,2,0,0,0,0,['g266'],Not_Trojan
g267,nor,n402,"n111, n112",2,0,0,0,6,18,3,3,0,0,0,2,1,0,0,0,0,0,0,0,2,1,0,0,0,0,['g267'],Not_Trojan
g268,dff,n10[11],"1'b1, 1'b1, n0, n253",4,1,1,1,4,19,0,1,0,0,0,0,0,0,0,0,0,0,0,0,0,0,0,0,0,0,['g268'],Not_Trojan
g269,nor,n565,"n457, n458",2,0,0,0,3,5,1,0,0,0,0,1,0,0,0,0,0,0,0,0,1,0,0,0,0,0,['g269'],Trojan
g270,not,n92,n91,1,0,0,0,7,24,5,4,0,0,0,52,27,0,1,0,0,0,0,0,52,27,0,1,0,0,['g270'],Not_Trojan
g271,nor,n312,"n236, n309",2,0,0,0,5,10,3,3,0,0,0,3,0,0,0,0,0,0,0,0,3,0,0,0,0,0,['g271'],Not_Trojan
g272,not,n57,n56,1,0,0,0,6,18,7,4,0,0,0,18,6,0,1,0,0,0,0,0,18,6,0,1,0,0,['g272'],Not_Trojan
g273,xnor,n4[9],"n384, n6[9]",2,0,0,1,6,0,-1,2,0,0,0,0,0,0,0,0,0,0,0,0,0,0,0,0,0,0,['g273'],Not_Trojan
g274,nor,n571,"n439, n440",2,0,0,0,3,5,1,0,0,0,0,1,0,0,0,0,0,0,0,0,1,0,0,0,0,0,['g274'],Trojan
g275,nor,n240,"n151, n209",2,0,0,0,3,14,1,0,0,0,0,1,0,0,0,0,0,0,0,0,1,0,0,0,0,0,['g275'],Not_Trojan
g276,xnor,n377,"n11[0], n12[0]",2,0,0,1,4,2,-1,2,0,0,0,0,0,0,0,3,0,0,0,0,0,0,0,0,3,0,['g276'],Not_Trojan
g277,nor,n106,"n75, n104",2,0,0,0,6,22,4,3,0,0,0,28,14,0,1,0,0,0,0,0,28,14,0,1,0,0,['g277'],Not_Trojan
g278,or,n537,"n558, n503",2,0,0,0,2,5,1,-1,0,1,0,0,0,0,0,0,0,0,1,0,0,0,0,0,0,0,['g278'],Trojan
g279,not,n472,n14[0],1,0,0,1,3,16,3,2,0,0,0,22,6,0,1,0,0,0,0,0,22,6,0,1,0,0,['g279'],Trojan
g280,dff,n13[10],"n516, n533, n0, n565",4,1,0,1,3,4,0,1,0,0,0,0,0,0,0,0,0,0,0,0,0,0,0,0,0,0,['g280'],Trojan
g281,not,n195,n11[2],1,0,0,1,4,13,2,2,0,2,0,23,2,0,0,0,0,0,2,0,23,2,0,0,0,0,['g281'],Not_Trojan
g282,nor,n46,"n8[1], n8[0]",2,0,0,1,4,22,6,2,0,0,0,5,1,0,0,0,0,0,0,0,5,1,0,0,0,0,['g282'],Not_Trojan
g283,nor,n581,"n479, n478",2,0,0,0,4,14,1,0,0,0,0,1,0,0,0,0,0,0,0,0,1,0,0,0,0,0,['g283'],Trojan
g284,nor,n568,"n448, n449",2,0,0,0,3,5,1,0,0,0,0,1,0,0,0,0,0,0,0,0,1,0,0,0,0,0,['g284'],Trojan
g285,not,n429,n7[12],1,0,0,1,2,7,3,-1,0,0,0,10,3,0,1,0,0,0,0,0,10,3,0,1,0,0,['g285'],Trojan
g286,dff,n14[0],"n558, 1'b1, n0, n509",4,1,1,1,2,13,0,1,0,0,0,0,0,0,0,0,0,0,0,0,0,0,0,0,0,0,['g286'],Trojan
g287,nor,n242,"n163, n209",2,0,0,0,3,16,1,0,0,0,0,1,0,0,0,0,0,0,0,0,1,0,0,0,0,0,['g287'],Not_Trojan
g288,nor,n570,"n442, n443",2,0,0,0,3,5,1,0,0,0,0,1,0,0,0,0,0,0,0,0,1,0,0,0,0,0,['g288'],Trojan
g289,nor,n320,"n174, n308",2,0,0,0,5,10,3,3,0,0,0,3,0,0,0,0,0,0,0,0,3,0,0,0,0,0,['g289'],Not_Trojan
g290,not,n388,n5[1],1,0,0,1,4,5,10,2,0,38,0,57,5,0,1,2,0,0,38,0,57,5,0,1,2,0,['g290'],Not_Trojan
g291,nor,n569,"n445, n446",2,0,0,0,3,5,1,0,0,0,0,1,0,0,0,0,0,0,0,0,1,0,0,0,0,0,['g291'],Trojan
g292,nor,n494,"n471, n492",2,0,0,0,4,12,2,3,0,0,0,2,0,0,1,0,0,0,0,0,2,0,0,1,0,0,['g292'],Trojan
g293,nor,n464,"n429, n462",2,0,0,0,3,6,2,28,0,0,0,10,2,0,1,0,0,0,0,0,10,2,0,1,0,0,['g293'],Trojan
g294,not,n196,n5[5],1,0,0,1,4,9,2,2,0,0,0,1,1,0,0,0,0,0,0,0,1,1,0,0,0,0,['g294'],Not_Trojan
g295,nor,n303,"n126, n282",2,0,0,0,2,5,1,0,0,0,0,1,0,0,0,0,0,0,0,0,1,0,0,0,0,0,['g295'],Not_Trojan
g296,nor,n443,"n421, n441",2,0,0,0,3,6,2,14,0,0,0,38,9,0,1,0,0,0,0,0,38,9,0,1,0,0,['g296'],Trojan
g297,nor,n337,"n13[15], n322",2,0,0,1,4,3,2,2,0,1,0,1,0,0,0,0,0,0,1,0,1,0,0,0,0,0,['g297'],Not_Trojan
g298,dff,n14[7],"n558, 1'b1, n0, n575",4,1,1,1,2,11,0,1,0,0,0,0,0,0,0,0,0,0,0,0,0,0,0,0,0,0,['g298'],Trojan
g299,xnor,n4[14],"n384, n6[14]",2,0,0,1,6,0,-1,2,0,0,0,0,0,0,0,0,0,0,0,0,0,0,0,0,0,0,['g299'],Not_Trojan
g300,dff,n12[2],"1'b1, 1'b1, n0, n369",4,1,1,1,3,7,0,1,0,0,0,0,0,0,0,0,0,0,0,0,0,0,0,0,0,0,['g300'],Not_Trojan
g301,nor,n493,"n14[6], n491",2,0,0,1,3,12,2,2,0,0,0,2,0,0,0,0,0,0,0,0,2,0,0,0,0,0,['g301'],Trojan
g302,xnor,n4[3],"n384, n6[3]",2,0,0,1,6,0,-1,2,0,0,0,0,0,0,0,0,0,0,0,0,0,0,0,0,0,0,['g302'],Not_Trojan
g303,nor,n306,"n274, n304",2,0,0,0,3,3,2,4,0,32,0,34,2,0,0,0,0,0,32,0,34,2,0,0,0,0,['g303'],Not_Trojan
g304,not,n459,n458,1,0,0,0,4,7,3,25,0,0,0,14,4,0,1,0,0,0,0,0,14,4,0,1,0,0,['g304'],Trojan
g305,not,n66,n10[4],1,0,0,1,5,24,5,2,0,0,0,64,33,0,1,0,0,0,0,0,64,33,0,1,0,0,['g305'],Not_Trojan
g306,nor,n454,"n7[9], n452",2,0,0,1,2,6,2,21,0,0,0,2,0,0,0,0,0,0,0,0,2,0,0,0,0,0,['g306'],Trojan
g307,not,n132,n5[6],1,0,0,1,4,10,2,2,0,0,0,1,1,0,0,0,0,0,0,0,1,1,0,0,0,0,['g307'],Not_Trojan
g308,not,n417,n7[4],1,0,0,1,2,7,3,-1,0,0,0,42,11,0,1,0,0,0,0,0,42,11,0,1,0,0,['g308'],Trojan
g309,nor,n442,"n7[5], n440",2,0,0,1,2,6,2,13,0,0,0,2,0,0,0,0,0,0,0,0,2,0,0,0,0,0,['g309'],Trojan
g310,nor,n62,"n39, n60",2,0,0,0,5,17,6,3,0,0,0,8,2,0,1,0,0,0,0,0,8,2,0,1,0,0,['g310'],Not_Trojan
g311,not,n492,n491,1,0,0,0,5,13,3,4,0,0,0,2,1,0,1,0,0,0,0,0,2,1,0,1,0,0,['g311'],Trojan
g312,not,n495,n7[0],1,0,0,1,2,6,2,1,0,1,0,0,1,0,0,0,0,0,1,0,0,1,0,0,0,0,['g312'],Trojan
g313,nor,n394,"n87, n88",2,0,0,0,6,22,3,3,0,0,0,2,1,0,0,0,0,0,0,0,2,1,0,0,0,0,['g313'],Not_Trojan
g314,or,n359,"n324, n343",2,0,0,0,5,2,1,0,0,1,0,0,0,0,0,0,0,0,1,0,0,0,0,0,0,0,['g314'],Not_Trojan
g315,or,n355,"n319, n339",2,0,0,0,5,2,1,0,0,1,0,0,0,0,0,0,0,0,1,0,0,0,0,0,0,0,['g315'],Not_Trojan
g316,not,n256,n257,1,0,0,0,6,5,4,4,0,32,0,56,3,0,0,0,0,0,32,0,56,3,0,0,0,0,['g316'],Not_Trojan
g317,not,n149,n396,1,0,0,0,7,21,2,4,0,0,0,1,1,0,0,0,0,0,0,0,1,1,0,0,0,0,['g317'],Not_Trojan
g318,not,n64,n10[13],1,0,0,1,5,18,5,2,0,0,0,10,6,0,1,0,0,0,0,0,10,6,0,1,0,0,['g318'],Not_Trojan
g319,nor,n409,"n58, n59",2,0,0,0,5,16,5,3,0,0,0,4,1,0,0,0,0,0,0,0,4,1,0,0,0,0,['g319'],Not_Trojan
g320,nor,n399,"n102, n103",2,0,0,0,6,22,3,3,0,0,0,2,1,0,0,0,0,0,0,0,2,1,0,0,0,0,['g320'],Not_Trojan
g321,nor,n326,"n138, n307",2,0,0,0,5,3,2,3,0,1,0,1,0,0,0,0,0,0,1,0,1,0,0,0,0,0,['g321'],Not_Trojan
g322,nor,n274,"n175, n256",2,0,0,0,5,4,3,3,0,32,0,35,2,0,0,0,0,0,32,0,35,2,0,0,0,0,['g322'],Not_Trojan
g323,dff,n6[10],"1'b1, 1'b1, n0, n358",4,1,1,1,6,1,0,1,0,0,0,0,0,0,0,0,0,0,0,0,0,0,0,0,0,0,['g323'],Not_Trojan
g324,not,n89,n88,1,0,0,0,7,24,5,4,0,0,0,58,30,0,1,0,0,0,0,0,58,30,0,1,0,0,['g324'],Not_Trojan
g325,dff,n10[10],"1'b1, 1'b1, n0, n251",4,1,1,1,4,19,0,1,0,0,0,0,0,0,0,0,0,0,0,0,0,0,0,0,0,0,['g325'],Not_Trojan
g326,nor,n219,"n179, n126",2,0,0,0,2,15,1,0,0,0,0,1,0,0,0,0,0,0,0,0,1,0,0,0,0,0,['g326'],Not_Trojan
g327,nor,n245,"n166, n209",2,0,0,0,3,20,1,0,0,0,0,1,0,0,0,0,0,0,0,0,1,0,0,0,0,0,['g327'],Not_Trojan
g328,buf,n4[29],n4[31],1,0,0,1,5,0,-1,3,0,0,0,0,0,0,0,0,0,0,0,0,0,0,0,0,0,0,['g328'],Not_Trojan
g329,nor,n47,"n43, n40",2,0,0,0,5,21,6,3,0,0,0,58,17,0,1,0,0,0,0,0,58,17,0,1,0,0,['g329'],Not_Trojan
g330,not,n197,n9[7],1,0,0,1,4,13,10,2,0,4,0,20,2,0,0,0,0,0,4,0,20,2,0,0,0,0,['g330'],Not_Trojan
g331,not,n110,n109,1,0,0,0,7,19,5,4,0,0,0,16,9,0,1,0,0,0,0,0,16,9,0,1,0,0,['g331'],Not_Trojan
g332,not,n167,n412,1,0,0,0,6,18,4,4,0,0,0,3,1,0,0,0,0,0,0,0,3,1,0,0,0,0,['g332'],Not_Trojan
g333,or,n556,"n551, n555",2,0,0,0,4,9,5,3,0,2,0,54,14,0,2,0,0,0,2,0,54,14,0,2,0,0,['g333'],Trojan
g334,or,n555,"n553, n552",2,0,0,0,5,10,6,4,0,3,0,54,14,0,2,0,0,0,3,0,54,14,0,2,0,0,['g334'],Trojan
g335,not,n546,n14[4],1,0,0,1,3,9,5,2,0,1,0,54,15,0,2,0,0,0,1,0,54,15,0,2,0,0,['g335'],Trojan
g336,or,n33,"n8[6], n8[5]",2,0,0,1,4,10,15,2,0,43,0,57,5,0,1,2,0,0,43,0,57,5,0,1,2,0,['g336'],Not_Trojan
g337,not,n107,n106,1,0,0,0,7,21,5,4,0,0,0,22,12,0,1,0,0,0,0,0,22,12,0,1,0,0,['g337'],Not_Trojan
g338,nor,n567,"n451, n452",2,0,0,0,3,5,1,0,0,0,0,1,0,0,0,0,0,0,0,0,1,0,0,0,0,0,['g338'],Trojan
g339,or,n526,"n558, n7[1]",2,0,0,1,2,5,1,-1,0,1,0,0,0,0,0,0,0,0,1,0,0,0,0,0,0,0,['g339'],Trojan
g340,nor,n258,"n389, n211",2,0,0,0,7,9,6,5,0,1,0,20,1,0,0,0,0,0,1,0,20,1,0,0,0,0,['g340'],Not_Trojan
g341,not,n389,n414,1,0,0,0,7,10,7,4,0,1,0,20,2,0,0,0,0,0,1,0,20,2,0,0,0,0,['g341'],Not_Trojan
g342,not,n192,n8[5],1,0,0,1,4,15,4,2,0,0,0,3,1,0,0,0,0,0,0,0,3,1,0,0,0,0,['g342'],Not_Trojan
g343,or,n552,"n549, n545",2,0,0,0,4,11,7,3,0,4,0,54,14,0,2,0,0,0,4,0,54,14,0,2,0,0,['g343'],Trojan
g344,nor,n84,"n10[3], n82",2,0,0,1,5,20,4,2,0,0,0,3,1,0,0,0,0,0,0,0,3,1,0,0,0,0,['g344'],Not_Trojan
g345,nor,n298,"n126, n289",2,0,0,0,2,15,1,0,0,0,0,1,0,0,0,0,0,0,0,0,1,0,0,0,0,0,['g345'],Not_Trojan
g346,xor,n407,"n8[7], n62",2,0,0,1,4,17,5,2,0,0,0,3,1,0,1,0,0,0,0,0,3,1,0,1,0,0,['g346'],Not_Trojan
g347,or,n25,"n24, n23",2,0,0,0,7,16,13,4,0,5,0,22,2,0,0,0,0,0,5,0,22,2,0,0,0,0,['g347'],Not_Trojan
g348,nor,n234,"n10[0], n209",2,0,0,1,3,6,1,0,0,0,0,1,0,0,0,0,0,0,0,0,1,0,0,0,0,0,['g348'],Not_Trojan
g349,dff,n10[5],"1'b1, 1'b1, n0, n247",4,1,1,1,4,19,0,1,0,0,0,0,0,0,0,0,0,0,0,0,0,0,0,0,0,0,['g349'],Not_Trojan
g350,nor,n490,"n14[5], n488",2,0,0,1,3,12,2,2,0,0,0,2,0,0,0,0,0,0,0,0,2,0,0,0,0,0,['g350'],Trojan
g351,or,n534,"n558, n502",2,0,0,0,2,5,1,-1,0,1,0,0,0,0,0,0,0,0,1,0,0,0,0,0,0,0,['g351'],Trojan
g352,nor,n329,"n135, n307",2,0,0,0,5,3,2,3,0,1,0,1,0,0,0,0,0,0,1,0,1,0,0,0,0,0,['g352'],Not_Trojan
g353,not,n504,n7[1],1,0,0,1,2,6,2,-1,0,1,0,0,1,0,0,0,0,0,1,0,0,1,0,0,0,0,['g353'],Trojan
g354,nor,n208,"n190, n126",2,0,0,0,2,14,1,0,0,0,0,1,0,0,0,0,0,0,0,0,1,0,0,0,0,0,['g354'],Not_Trojan
g355,nor,n408,"n61, n62",2,0,0,0,5,16,5,3,0,0,0,4,1,0,0,0,0,0,0,0,4,1,0,0,0,0,['g355'],Not_Trojan
g356,not,n184,n8[1],1,0,0,1,4,20,4,2,0,0,0,3,1,0,0,0,0,0,0,0,3,1,0,0,0,0,['g356'],Not_Trojan
g357,not,n174,n12[2],1,0,0,1,4,7,4,2,0,34,0,102,5,0,0,1,0,0,34,0,102,5,0,0,1,0,['g357'],Not_Trojan
g358,dff,n13[0],"n527, n542, n0, n7[0]",4,1,0,1,2,4,0,1,0,0,0,0,0,0,0,0,0,0,0,0,0,0,0,0,0,0,['g358'],Trojan
g359,not,n498,n7[12],1,0,0,1,2,6,2,-1,0,1,0,0,1,0,0,0,0,0,1,0,0,1,0,0,0,0,['g359'],Trojan
g360,or,n415,"n372, n382",2,0,0,0,5,3,8,3,0,37,0,57,4,0,1,2,0,0,37,0,57,4,0,1,2,0,['g360'],Not_Trojan
g361,dff,n6[13],"1'b1, 1'b1, n0, n355",4,1,1,1,6,1,0,1,0,0,0,0,0,0,0,0,0,0,0,0,0,0,0,0,0,0,['g361'],Not_Trojan
g362,not,n182,n8[6],1,0,0,1,4,15,4,2,0,0,0,3,1,0,0,0,0,0,0,0,3,1,0,0,0,0,['g362'],Not_Trojan
g363,not,n503,n7[6],1,0,0,1,2,6,2,-1,0,1,0,0,1,0,0,0,0,0,1,0,0,1,0,0,0,0,['g363'],Trojan
g364,dff,n13[1],"n526, n541, n0, n574",4,1,0,1,3,4,0,1,0,0,0,0,0,0,0,0,0,0,0,0,0,0,0,0,0,0,['g364'],Trojan
g365,not,n168,n411,1,0,0,0,6,18,4,4,0,0,0,3,1,0,0,0,0,0,0,0,3,1,0,0,0,0,['g365'],Not_Trojan
g366,not,n75,n10[10],1,0,0,1,5,23,5,2,0,0,0,28,15,0,1,0,0,0,0,0,28,15,0,1,0,0,['g366'],Not_Trojan
g367,not,n550,n14[5],1,0,0,1,3,9,5,2,0,1,0,54,15,0,2,0,0,0,1,0,54,15,0,2,0,0,['g367'],Trojan
g368,nor,n321,"n126, n306",2,0,0,0,2,2,1,0,0,16,0,17,1,0,0,0,0,0,16,0,17,1,0,0,0,0,['g368'],Not_Trojan
g369,not,n162,n409,1,0,0,0,6,15,4,4,0,0,0,3,1,0,0,0,0,0,0,0,3,1,0,0,0,0,['g369'],Not_Trojan
g370,nor,n439,"n7[4], n437",2,0,0,1,2,6,2,11,0,0,0,2,0,0,0,0,0,0,0,0,2,0,0,0,0,0,['g370'],Trojan
g371,dff,n14[1],"n558, 1'b1, n0, n581",4,1,1,1,2,13,0,1,0,0,0,0,0,0,0,0,0,0,0,0,0,0,0,0,0,0,['g371'],Trojan
g372,not,n116,n115,1,0,0,0,7,18,5,4,0,0,0,4,3,0,1,0,0,0,0,0,4,3,0,1,0,0,['g372'],Not_Trojan
g373,not,n83,n82,1,0,0,0,7,21,5,4,0,0,0,70,36,0,1,0,0,0,0,0,70,36,0,1,0,0,['g373'],Not_Trojan
g374,nor,n109,"n73, n107",2,0,0,0,6,20,4,3,0,0,0,22,11,0,1,0,0,0,0,0,22,11,0,1,0,0,['g374'],Not_Trojan
g375,or,n19,"n10[9], n10[8]",2,0,0,1,5,18,15,2,0,7,0,22,2,0,0,0,0,0,7,0,22,2,0,0,0,0,['g375'],Not_Trojan
g376,not,n444,n443,1,0,0,0,4,7,3,15,0,0,0,34,9,0,1,0,0,0,0,0,34,9,0,1,0,0,['g376'],Trojan
g377,not,n183,n5[1],1,0,0,1,4,7,2,2,0,0,0,1,1,0,0,0,0,0,0,0,1,1,0,0,0,0,['g377'],Not_Trojan
g378,dff,n13[3],"n524, n540, n0, n572",4,1,0,1,3,4,0,1,0,0,0,0,0,0,0,0,0,0,0,0,0,0,0,0,0,0,['g378'],Trojan
g379,nor,n563,"n463, n464",2,0,0,0,3,5,1,0,0,0,0,1,0,0,0,0,0,0,0,0,1,0,0,0,0,0,['g379'],Trojan
g380,or,n512,"n558, n7[12]",2,0,0,1,2,5,1,-1,0,1,0,0,0,0,0,0,0,0,1,0,0,0,0,0,0,0,['g380'],Trojan
g381,nor,n467,"n419, n465",2,0,0,0,3,6,2,30,0,0,0,6,1,0,1,0,0,0,0,0,6,1,0,1,0,0,['g381'],Trojan
g382,buf,n4[16],n4[31],1,0,0,1,5,0,-1,3,0,0,0,0,0,0,0,0,0,0,0,0,0,0,0,0,0,0,['g382'],Not_Trojan
g383,nor,n351,"n13[1], n322",2,0,0,1,4,3,2,2,0,1,0,1,0,0,0,0,0,0,1,0,1,0,0,0,0,0,['g383'],Not_Trojan
g384,not,n193,n9[5],1,0,0,1,4,13,2,2,0,4,0,21,2,0,0,0,0,0,4,0,21,2,0,0,0,0,['g384'],Not_Trojan
g385,nor,n449,"n428, n447",2,0,0,0,3,6,2,18,0,0,0,30,7,0,1,0,0,0,0,0,30,7,0,1,0,0,['g385'],Trojan
g386,nor,n235,"n9[0], n211",2,0,0,1,4,7,6,2,0,34,0,36,2,0,0,0,0,0,34,0,36,2,0,0,0,0,['g386'],Not_Trojan
g387,nor,n397,"n96, n97",2,0,0,0,6,22,3,3,0,0,0,2,1,0,0,0,0,0,0,0,2,1,0,0,0,0,['g387'],Not_Trojan
g388,or,n375,"n387, n5[6]",2,0,0,1,4,6,11,2,0,40,0,57,4,0,1,2,0,0,40,0,57,4,0,1,2,0,['g388'],Not_Trojan
g389,nor,n99,"n10[8], n97",2,0,0,1,5,23,4,2,0,0,0,3,1,0,0,0,0,0,0,0,3,1,0,0,0,0,['g389'],Not_Trojan
g390,nor,n301,"n261, n283",2,0,0,0,5,5,4,3,0,33,0,35,2,0,0,0,0,0,33,0,35,2,0,0,0,0,['g390'],Not_Trojan
g391,not,n45,n8[2],1,0,0,1,4,21,7,2,0,0,0,48,15,0,1,0,0,0,0,0,48,15,0,1,0,0,['g391'],Not_Trojan
g392,nor,n319,"n129, n307",2,0,0,0,5,3,2,3,0,1,0,1,0,0,0,0,0,0,1,0,1,0,0,0,0,0,['g392'],Not_Trojan
g393,nor,n413,"n47, n46",2,0,0,0,5,21,5,3,0,0,0,4,1,0,0,0,0,0,0,0,4,1,0,0,0,0,['g393'],Not_Trojan
g394,xnor,n7[2],"n2[2], n121",2,0,0,1,1,6,2,-1,0,2,0,49,14,0,2,1,0,0,2,0,49,14,0,2,1,0,['g394'],Not_Trojan
g395,nor,n401,"n108, n109",2,0,0,0,6,22,3,3,0,0,0,2,1,0,0,0,0,0,0,0,2,1,0,0,0,0,['g395'],Not_Trojan
g396,nor,n27,"n20, n26",2,0,0,0,6,14,11,3,0,3,0,22,2,0,0,0,0,0,3,0,22,2,0,0,0,0,['g396'],Not_Trojan
g397,nor,n249,"n150, n209",2,0,0,0,3,17,1,0,0,0,0,1,0,0,0,0,0,0,0,0,1,0,0,0,0,0,['g397'],Not_Trojan
g398,dff,n8[7],"1'b1, 1'b1, n0, n294",4,1,1,1,3,12,0,1,0,0,0,0,0,0,0,0,0,0,0,0,0,0,0,0,0,0,['g398'],Not_Trojan
g399,not,n453,n452,1,0,0,0,4,7,3,21,0,0,0,22,6,0,1,0,0,0,0,0,22,6,0,1,0,0,['g399'],Trojan
g400,buf,n4[22],n4[31],1,0,0,1,5,0,-1,3,0,0,0,0,0,0,0,0,0,0,0,0,0,0,0,0,0,0,['g400'],Not_Trojan
g401,or,n517,"n558, n7[9]",2,0,0,1,2,5,1,-1,0,1,0,0,0,0,0,0,0,0,1,0,0,0,0,0,0,0,['g401'],Trojan
g402,not,n41,n8[4],1,0,0,1,4,18,7,2,0,0,0,28,9,0,1,0,0,0,0,0,28,9,0,1,0,0,['g402'],Not_Trojan
g403,dff,n14[4],"n558, 1'b1, n0, n578",4,1,1,1,2,10,0,1,0,0,0,0,0,0,0,0,0,0,0,0,0,0,0,0,0,0,['g403'],Trojan
g404,nor,n102,"n10[9], n100",2,0,0,1,5,23,4,2,0,0,0,3,1,0,0,0,0,0,0,0,3,1,0,0,0,0,['g404'],Not_Trojan
g405,or,n367,"n331, n350",2,0,0,0,5,2,1,0,0,1,0,0,0,0,0,0,0,0,1,0,0,0,0,0,0,0,['g405'],Not_Trojan
g406,not,n31,n8[0],1,0,0,1,4,15,20,2,0,44,0,60,6,0,1,2,0,0,44,0,60,6,0,1,2,0,['g406'],Not_Trojan
g407,not,n191,n8[2],1,0,0,1,4,18,4,2,0,0,0,3,1,0,0,0,0,0,0,0,3,1,0,0,0,0,['g407'],Not_Trojan
g408,nor,n204,"n181, n126",2,0,0,0,2,15,1,0,0,0,0,1,0,0,0,0,0,0,0,0,1,0,0,0,0,0,['g408'],Not_Trojan
g409,nor,n224,"n187, n126",2,0,0,0,2,10,1,0,0,0,0,1,0,0,0,0,0,0,0,0,1,0,0,0,0,0,['g409'],Not_Trojan
g410,not,n160,n407,1,0,0,0,5,16,4,3,0,0,0,3,1,0,0,0,0,0,0,0,3,1,0,0,0,0,['g410'],Not_Trojan
g411,nor,n277,"n162, n256",2,0,0,0,7,14,3,5,0,0,0,3,0,0,0,0,0,0,0,0,3,0,0,0,0,0,['g411'],Not_Trojan
g412,or,n540,"n558, n505",2,0,0,0,2,5,1,-1,0,1,0,0,0,0,0,0,0,0,1,0,0,0,0,0,0,0,['g412'],Trojan
g413,or,n200,"n179, n9[0]",2,0,0,1,4,13,10,2,0,5,0,20,1,0,0,0,0,0,5,0,20,1,0,0,0,0,['g413'],Not_Trojan
g414,nor,n271,"n186, n257",2,0,0,0,5,14,3,3,0,0,0,3,0,0,0,0,0,0,0,0,3,0,0,0,0,0,['g414'],Not_Trojan
g415,or,n17,"n10[1], n10[0]",2,0,0,1,5,16,13,2,0,5,0,22,2,0,0,0,0,0,5,0,22,2,0,0,0,0,['g415'],Not_Trojan
g416,nor,n97,"n70, n95",2,0,0,0,6,23,4,3,0,0,0,46,23,0,1,0,0,0,0,0,46,23,0,1,0,0,['g416'],Not_Trojan
g417,dff,n10[3],"1'b1, 1'b1, n0, n243",4,1,1,1,4,16,0,1,0,0,0,0,0,0,0,0,0,0,0,0,0,0,0,0,0,0,['g417'],Not_Trojan
g418,nor,n285,"n279, n275",2,0,0,0,6,14,2,4,0,0,0,2,0,0,0,0,0,0,0,0,2,0,0,0,0,0,['g418'],Not_Trojan
g419,not,n128,n3[0],1,0,0,1,1,5,2,-1,0,36,0,75,4,0,0,0,0,0,36,0,75,4,0,0,0,0,['g419'],Not_Trojan
g420,dff,n13[8],"n518, n535, n0, n567",4,1,0,1,3,4,0,1,0,0,0,0,0,0,0,0,0,0,0,0,0,0,0,0,0,0,['g420'],Trojan
g421,nor,n314,"n131, n307",2,0,0,0,5,3,2,3,0,1,0,1,0,0,0,0,0,0,1,0,1,0,0,0,0,0,['g421'],Not_Trojan
g422,nor,n431,"n7[1], n559",2,0,0,1,2,6,2,5,0,0,0,2,0,0,0,0,0,0,0,0,2,0,0,0,0,0,['g422'],Trojan
g423,or,n368,"n316, n352",2,0,0,0,4,2,1,0,0,1,0,0,0,0,0,0,0,0,1,0,0,0,0,0,0,0,['g423'],Not_Trojan
g424,nor,n257,"n174, n213",2,0,0,0,5,6,3,3,0,32,0,79,3,0,0,1,0,0,32,0,79,3,0,0,1,0,['g424'],Not_Trojan
g425,or,n214,"n173, n12[1]",2,0,0,1,4,8,7,2,0,38,0,56,3,0,0,0,0,0,38,0,56,3,0,0,0,0,['g425'],Not_Trojan
g426,xnor,n4[12],"n384, n6[12]",2,0,0,1,6,0,-1,2,0,0,0,0,0,0,0,0,0,0,0,0,0,0,0,0,0,0,['g426'],Not_Trojan
g427,not,n465,n464,1,0,0,0,4,7,3,29,0,0,0,6,2,0,1,0,0,0,0,0,6,2,0,1,0,0,['g427'],Trojan
g428,nor,n339,"n13[13], n322",2,0,0,1,4,3,2,2,0,1,0,1,0,0,0,0,0,0,1,0,1,0,0,0,0,0,['g428'],Not_Trojan
g429,or,n514,"n558, n7[13]",2,0,0,1,2,5,1,-1,0,1,0,0,0,0,0,0,0,0,1,0,0,0,0,0,0,0,['g429'],Trojan
g430,nor,n90,"n10[5], n88",2,0,0,1,5,23,4,2,0,0,0,3,1,0,0,0,0,0,0,0,3,1,0,0,0,0,['g430'],Not_Trojan
g431,not,n165,n403,1,0,0,0,7,15,2,4,0,0,0,1,1,0,0,0,0,0,0,0,1,1,0,0,0,0,['g431'],Not_Trojan
g432,nor,n458,"n427, n456",2,0,0,0,3,6,2,24,0,0,0,18,4,0,1,0,0,0,0,0,18,4,0,1,0,0,['g432'],Trojan
g433,or,n236,"n12[2], n211",2,0,0,1,4,11,4,2,0,1,0,3,0,0,0,0,0,0,1,0,3,0,0,0,0,0,['g433'],Not_Trojan
g434,nor,n331,"n134, n307",2,0,0,0,5,3,2,3,0,1,0,1,0,0,0,0,0,0,1,0,1,0,0,0,0,0,['g434'],Not_Trojan
g435,xnor,n121,"n2[18], n3[2]",2,0,0,1,1,7,3,-1,0,2,0,49,14,0,2,2,0,0,2,0,49,14,0,2,2,0,['g435'],Not_Trojan
g436,nor,n343,"n13[9], n322",2,0,0,1,4,3,2,2,0,1,0,1,0,0,0,0,0,0,1,0,1,0,0,0,0,0,['g436'],Not_Trojan
g437,not,n175,n11[0],1,0,0,1,4,5,2,2,0,33,0,58,4,0,0,0,0,0,33,0,58,4,0,0,0,0,['g437'],Not_Trojan
g438,or,n202,"n193, n9[4]",2,0,0,1,4,12,9,2,0,4,0,20,1,0,0,0,0,0,4,0,20,1,0,0,0,0,['g438'],Not_Trojan
g439,not,n438,n437,1,0,0,0,4,7,3,11,0,0,0,42,11,0,1,0,0,0,0,0,42,11,0,1,0,0,['g439'],Trojan
g440,xor,n7[14],"n2[30], n2[14]",2,0,0,1,1,6,2,-1,0,2,0,4,2,0,2,0,0,0,2,0,4,2,0,2,0,0,['g440'],Not_Trojan
g441,nor,n346,"n13[6], n322",2,0,0,1,4,3,2,2,0,1,0,1,0,0,0,0,0,0,1,0,1,0,0,0,0,0,['g441'],Not_Trojan
g442,not,n166,n397,1,0,0,0,7,21,2,4,0,0,0,1,1,0,0,0,0,0,0,0,1,1,0,0,0,0,['g442'],Not_Trojan
g443,nor,n579,"n484, n485",2,0,0,0,4,14,1,0,0,0,0,1,0,0,0,0,0,0,0,0,1,0,0,0,0,0,['g443'],Trojan
g444,dff,n6[5],"1'b1, 1'b1, n0, n371",4,1,1,1,6,1,0,1,0,0,0,0,0,0,0,0,0,0,0,0,0,0,0,0,0,0,['g444'],Not_Trojan
g445,or,n414,"n21, n29",2,0,0,0,6,11,8,3,0,2,0,20,2,0,0,0,0,0,2,0,20,2,0,0,0,0,['g445'],Not_Trojan
g446,nor,n345,"n13[7], n322",2,0,0,1,4,3,2,2,0,1,0,1,0,0,0,0,0,0,1,0,1,0,0,0,0,0,['g446'],Not_Trojan
g447,not,n39,n8[6],1,0,0,1,4,18,7,2,0,0,0,8,3,0,1,0,0,0,0,0,8,3,0,1,0,0,['g447'],Not_Trojan
g448,dff,n12[0],"1'b1, 1'b1, n0, n363",4,1,1,1,3,3,0,1,0,0,0,0,0,0,0,0,0,0,0,0,0,0,0,0,0,0,['g448'],Not_Trojan
g449,nor,n290,"n238, n264",2,0,0,0,6,10,7,4,0,2,0,20,1,0,0,0,0,0,2,0,20,1,0,0,0,0,['g449'],Not_Trojan
g450,or,n238,"n202, n199",2,0,0,0,5,11,8,3,0,3,0,20,1,0,0,0,0,0,3,0,20,1,0,0,0,0,['g450'],Not_Trojan
g451,nor,n311,"n215, n309",2,0,0,0,5,6,3,3,0,0,0,3,0,0,0,0,0,0,0,0,3,0,0,0,0,0,['g451'],Not_Trojan
g452,nor,n212,"n12[0], n12[1]",2,0,0,1,4,8,5,2,0,36,0,104,5,0,0,1,0,0,36,0,104,5,0,0,1,0,['g452'],Not_Trojan
g453,dff,n8[3],"1'b1, 1'b1, n0, n298",4,1,1,1,3,14,0,1,0,0,0,0,0,0,0,0,0,0,0,0,0,0,0,0,0,0,['g453'],Not_Trojan
g454,not,n480,n479,1,0,0,0,5,16,3,4,0,0,0,18,5,0,1,0,0,0,0,0,18,5,0,1,0,0,['g454'],Trojan
g455,nor,n275,"n160, n256",2,0,0,0,6,15,3,4,0,0,0,3,0,0,0,0,0,0,0,0,3,0,0,0,0,0,['g455'],Not_Trojan
g456,not,n134,n13[2],1,0,0,1,4,4,3,2,0,1,0,1,1,0,0,0,0,0,1,0,1,1,0,0,0,0,['g456'],Not_Trojan
g457,xnor,n7[5],"n2[21], n124",2,0,0,1,1,6,2,-1,0,2,0,40,11,0,1,1,0,0,2,0,40,11,0,1,1,0,['g457'],Not_Trojan
g458,not,n433,n432,1,0,0,0,4,7,3,7,0,0,0,47,13,0,2,0,0,0,0,0,47,13,0,2,0,0,['g458'],Trojan
g459,or,n542,"n558, n495",2,0,0,0,2,5,1,2,0,1,0,0,0,0,0,0,0,0,1,0,0,0,0,0,0,0,['g459'],Trojan
g460,or,n516,"n558, n7[10]",2,0,0,1,2,5,1,-1,0,1,0,0,0,0,0,0,0,0,1,0,0,0,0,0,0,0,['g460'],Trojan
g461,nor,n93,"n10[6], n91",2,0,0,1,5,23,4,2,0,0,0,3,1,0,0,0,0,0,0,0,3,1,0,0,0,0,['g461'],Not_Trojan
g462,not,n65,n10[3],1,0,0,1,5,21,5,2,0,0,0,70,36,0,1,0,0,0,0,0,70,36,0,1,0,0,['g462'],Not_Trojan
g463,buf,n4[17],n4[31],1,0,0,1,5,0,-1,3,0,0,0,0,0,0,0,0,0,0,0,0,0,0,0,0,0,0,['g463'],Not_Trojan
g464,xor,n405,"n10[15], n118",2,0,0,1,5,16,3,2,0,0,0,1,1,0,1,0,0,0,0,0,1,1,0,1,0,0,['g464'],Not_Trojan
g465,not,n185,n5[0],1,0,0,1,4,8,2,2,0,0,0,1,1,0,0,0,0,0,0,0,1,1,0,0,0,0,['g465'],Not_Trojan
g466,xnor,n125,"n2[6], n3[6]",2,0,0,1,1,7,3,-1,0,2,0,36,10,0,1,2,0,0,2,0,36,10,0,1,2,0,['g466'],Not_Trojan
g467,nor,n369,"n126, n335",2,0,0,0,2,8,1,0,0,0,0,1,0,0,0,0,0,0,0,0,1,0,0,0,0,0,['g467'],Not_Trojan
g468,nor,n363,"n126, n336",2,0,0,0,2,4,1,0,0,0,0,1,0,0,0,0,0,0,0,0,1,0,0,0,0,0,['g468'],Not_Trojan
g469,nor,n226,"n126, n127",2,0,0,0,2,9,1,0,0,0,0,1,0,0,0,0,0,0,0,0,1,0,0,0,0,0,['g469'],Not_Trojan
g470,nor,n488,"n473, n486",2,0,0,0,4,12,2,3,0,0,0,10,2,0,1,0,0,0,0,0,10,2,0,1,0,0,['g470'],Trojan
g471,nor,n210,"n173, n172",2,0,0,0,5,9,5,3,0,37,0,63,4,0,0,0,0,0,37,0,63,4,0,0,0,0,['g471'],Not_Trojan
g472,not,n54,n53,1,0,0,0,6,18,7,4,0,0,0,28,9,0,1,0,0,0,0,0,28,9,0,1,0,0,['g472'],Not_Trojan
g473,nor,n392,"n81, n82",2,0,0,0,6,19,3,3,0,0,0,2,1,0,0,0,0,0,0,0,2,1,0,0,0,0,['g473'],Not_Trojan
g474,not,n173,n12[0],1,0,0,1,4,7,4,2,0,75,0,122,8,0,0,0,0,0,75,0,122,8,0,0,0,0,['g474'],Not_Trojan
g475,nor,n227,"n132, n126",2,0,0,0,2,9,1,0,0,0,0,1,0,0,0,0,0,0,0,0,1,0,0,0,0,0,['g475'],Not_Trojan
g476,nor,n229,"n178, n126",2,0,0,0,2,9,1,0,0,0,0,1,0,0,0,0,0,0,0,0,1,0,0,0,0,0,['g476'],Not_Trojan
g477,nor,n451,"n7[8], n449",2,0,0,1,2,6,2,19,0,0,0,2,0,0,0,0,0,0,0,0,2,0,0,0,0,0,['g477'],Trojan
g478,nor,n248,"n157, n209",2,0,0,0,3,20,1,0,0,0,0,1,0,0,0,0,0,0,0,0,1,0,0,0,0,0,['g478'],Not_Trojan
g479,buf,n4[21],n4[31],1,0,0,1,5,0,-1,3,0,0,0,0,0,0,0,0,0,0,0,0,0,0,0,0,0,0,['g479'],Not_Trojan
g480,or,n521,"n558, n7[7]",2,0,0,1,2,5,1,-1,0,1,0,0,0,0,0,0,0,0,1,0,0,0,0,0,0,0,['g480'],Trojan
g481,or,n373,"n390, n5[0]",2,0,0,1,4,7,12,2,0,41,0,57,4,0,1,2,0,0,41,0,57,4,0,1,2,0,['g481'],Not_Trojan
g482,or,n554,"n548, n550",2,0,0,0,4,8,4,3,0,1,0,54,14,0,2,0,0,0,1,0,54,14,0,2,0,0,['g482'],Trojan
g483,nor,n349,"n13[3], n322",2,0,0,1,4,3,2,2,0,1,0,1,0,0,0,0,0,0,1,0,1,0,0,0,0,0,['g483'],Not_Trojan
g484,nor,n268,"n182, n257",2,0,0,0,5,14,3,3,0,0,0,3,0,0,0,0,0,0,0,0,3,0,0,0,0,0,['g484'],Not_Trojan
g485,not,n322,n321,1,0,0,0,3,4,3,1,0,16,0,16,1,0,0,0,0,0,16,0,16,1,0,0,0,0,['g485'],Not_Trojan
g486,xnor,n7[4],"n2[20], n122",2,0,0,1,1,6,2,-1,0,2,0,44,12,0,1,1,0,0,2,0,44,12,0,1,1,0,['g486'],Not_Trojan
g487,not,n156,n400,1,0,0,0,7,21,2,4,0,0,0,1,1,0,0,0,0,0,0,0,1,1,0,0,0,0,['g487'],Not_Trojan
g488,nor,n393,"n84, n85",2,0,0,0,6,19,3,3,0,0,0,2,1,0,0,0,0,0,0,0,2,1,0,0,0,0,['g488'],Not_Trojan
g489,nor,n96,"n10[7], n94",2,0,0,1,5,23,4,2,0,0,0,3,1,0,0,0,0,0,0,0,3,1,0,0,0,0,['g489'],Not_Trojan
g490,xnor,n4[0],"n384, n6[0]",2,0,0,1,6,0,-1,2,0,0,0,0,0,0,0,0,0,0,0,0,0,0,0,0,0,0,['g490'],Not_Trojan
g491,not,n151,n404,1,0,0,0,7,15,2,4,0,0,0,1,1,0,0,0,0,0,0,0,1,1,0,0,0,0,['g491'],Not_Trojan
g492,or,n380,"n375, n379",2,0,0,0,5,5,10,3,0,39,0,57,4,0,1,2,0,0,39,0,57,4,0,1,2,0,['g492'],Not_Trojan
g493,nor,n250,"n170, n209",2,0,0,0,3,18,1,0,0,0,0,1,0,0,0,0,0,0,0,0,1,0,0,0,0,0,['g493'],Not_Trojan
g494,nor,n576,"n493, n494",2,0,0,0,4,11,1,0,0,0,0,1,0,0,0,0,0,0,0,0,1,0,0,0,0,0,['g494'],Trojan
g495,not,n213,n212,1,0,0,0,5,7,4,3,0,34,0,100,5,0,0,1,0,0,34,0,100,5,0,0,1,0,['g495'],Not_Trojan
g496,not,n43,n8[1],1,0,0,1,4,22,7,2,0,0,0,58,18,0,1,0,0,0,0,0,58,18,0,1,0,0,['g496'],Not_Trojan
g497,dff,n9[1],"1'b1, 1'b1, n0, n223",4,1,1,1,3,15,0,1,0,0,0,0,0,0,0,0,0,0,0,0,0,0,0,0,0,0,['g497'],Not_Trojan
g498,not,n462,n461,1,0,0,0,4,7,3,27,0,0,0,10,3,0,1,0,0,0,0,0,10,3,0,1,0,0,['g498'],Trojan
g499,nor,n56,"n41, n54",2,0,0,0,5,17,6,3,0,0,0,28,8,0,1,0,0,0,0,0,28,8,0,1,0,0,['g499'],Not_Trojan
g500,not,n164,n395,1,0,0,0,7,21,2,4,0,0,0,1,1,0,0,0,0,0,0,0,1,1,0,0,0,0,['g500'],Not_Trojan
g501,not,n139,n13[1],1,0,0,1,4,4,3,2,0,1,0,1,1,0,0,0,0,0,1,0,1,1,0,0,0,0,['g501'],Not_Trojan
g502,xnor,n4[4],"n384, n6[4]",2,0,0,1,6,0,-1,2,0,0,0,0,0,0,0,0,0,0,0,0,0,0,0,0,0,0,['g502'],Not_Trojan
g503,nor,n295,"n126, n286",2,0,0,0,2,12,1,0,0,0,0,1,0,0,0,0,0,0,0,0,1,0,0,0,0,0,['g503'],Not_Trojan
g504,or,n209,"n126, n128",2,0,0,0,2,7,2,-1,0,1,0,16,0,0,0,0,0,0,1,0,16,0,0,0,0,0,['g504'],Not_Trojan
g505,not,n126,n1,1,0,0,0,1,3,2,-1,0,50,0,98,4,0,0,0,0,0,50,0,98,4,0,0,0,0,['g505'],Not_Trojan
g506,buf,n4[20],n4[31],1,0,0,1,5,0,-1,3,0,0,0,0,0,0,0,0,0,0,0,0,0,0,0,0,0,0,['g506'],Not_Trojan
g507,not,n69,n10[8],1,0,0,1,5,24,5,2,0,0,0,40,21,0,1,0,0,0,0,0,40,21,0,1,0,0,['g507'],Not_Trojan
g508,dff,n10[0],"1'b1, 1'b1, n0, n234",4,1,1,1,4,5,0,1,0,0,0,0,0,0,0,0,0,0,0,0,0,0,0,0,0,0,['g508'],Not_Trojan
g509,not,n547,n14[3],1,0,0,1,3,12,8,2,0,4,0,54,15,0,2,0,0,0,4,0,54,15,0,2,0,0,['g509'],Trojan
g510,nor,n117,"n10[14], n115",2,0,0,1,5,17,4,2,0,0,0,3,1,0,0,0,0,0,0,0,3,1,0,0,0,0,['g510'],Not_Trojan
g511,nor,n252,"n148, n209",2,0,0,0,3,20,1,0,0,0,0,1,0,0,0,0,0,0,0,0,1,0,0,0,0,0,['g511'],Not_Trojan
g512,not,n450,n449,1,0,0,0,4,7,3,19,0,0,0,26,7,0,1,0,0,0,0,0,26,7,0,1,0,0,['g512'],Trojan
g513,not,n159,n405,1,0,0,0,6,15,2,3,0,0,0,1,1,0,0,0,0,0,0,0,1,1,0,0,0,0,['g513'],Not_Trojan
g514,nor,n79,"n71, n76",2,0,0,0,6,21,4,3,0,0,0,82,41,0,1,0,0,0,0,0,82,41,0,1,0,0,['g514'],Not_Trojan
g515,or,n230,"n195, n172",2,0,0,0,5,12,9,3,0,2,0,22,1,0,0,0,0,0,2,0,22,1,0,0,0,0,['g515'],Not_Trojan
g516,nor,n452,"n426, n450",2,0,0,0,3,6,2,20,0,0,0,26,6,0,1,0,0,0,0,0,26,6,0,1,0,0,['g516'],Trojan
g517,dff,n10[4],"1'b1, 1'b1, n0, n248",4,1,1,1,4,19,0,1,0,0,0,0,0,0,0,0,0,0,0,0,0,0,0,0,0,0,['g517'],Not_Trojan
g518,not,n386,n5[5],1,0,0,1,4,8,13,2,0,41,0,57,5,0,1,2,0,0,41,0,57,5,0,1,2,0,['g518'],Not_Trojan
g519,or,n528,"n558, n511",2,0,0,0,2,5,1,-1,0,1,0,0,0,0,0,0,0,0,1,0,0,0,0,0,0,0,['g519'],Trojan
g520,or,n379,"n373, n374",2,0,0,0,5,6,11,3,0,40,0,57,4,0,1,2,0,0,40,0,57,4,0,1,2,0,['g520'],Not_Trojan
g521,or,n16,"n10[5], n10[4]",2,0,0,1,5,18,15,2,0,7,0,22,2,0,0,0,0,0,7,0,22,2,0,0,0,0,['g521'],Not_Trojan
g522,or,n20,"n10[3], n10[2]",2,0,0,1,5,15,12,2,0,4,0,22,2,0,0,0,0,0,4,0,22,2,0,0,0,0,['g522'],Not_Trojan
g523,not,n474,n14[3],1,0,0,1,3,14,3,2,0,0,0,14,4,0,1,0,0,0,0,0,14,4,0,1,0,0,['g523'],Trojan
g524,not,n189,n5[2],1,0,0,1,4,8,2,2,0,0,0,1,1,0,0,0,0,0,0,0,1,1,0,0,0,0,['g524'],Not_Trojan
g525,xnor,n119,"n2[3], n3[3]",2,0,0,1,1,7,3,-1,0,2,0,45,13,0,2,2,0,0,2,0,45,13,0,2,2,0,['g525'],Not_Trojan
g526,buf,n4[26],n4[31],1,0,0,1,5,0,-1,3,0,0,0,0,0,0,0,0,0,0,0,0,0,0,0,0,0,0,['g526'],Not_Trojan
g527,dff,n9[4],"1'b1, 1'b1, n0, n208",4,1,1,1,3,13,0,1,0,0,0,0,0,0,0,0,0,0,0,0,0,0,0,0,0,0,['g527'],Not_Trojan
g528,dff,n6[15],"1'b1, 1'b1, n0, n353",4,1,1,1,6,1,0,1,0,0,0,0,0,0,0,0,0,0,0,0,0,0,0,0,0,0,['g528'],Not_Trojan
g529,dff,n10[14],"1'b1, 1'b1, n0, n240",4,1,1,1,4,13,0,1,0,0,0,0,0,0,0,0,0,0,0,0,0,0,0,0,0,0,['g529'],Not_Trojan
g530,not,n436,n435,1,0,0,0,4,8,4,9,0,0,0,45,12,0,1,0,0,0,0,0,45,12,0,1,0,0,['g530'],Trojan
g531,nor,n267,"n192, n257",2,0,0,0,5,14,3,3,0,0,0,3,0,0,0,0,0,0,0,0,3,0,0,0,0,0,['g531'],Not_Trojan
g532,dff,n10[9],"1'b1, 1'b1, n0, n252",4,1,1,1,4,19,0,1,0,0,0,0,0,0,0,0,0,0,0,0,0,0,0,0,0,0,['g532'],Not_Trojan
g533,not,n72,n10[9],1,0,0,1,5,24,5,2,0,0,0,34,18,0,1,0,0,0,0,0,34,18,0,1,0,0,['g533'],Not_Trojan
g534,nor,n279,"n194, n257",2,0,0,0,5,15,3,3,0,0,0,3,0,0,0,0,0,0,0,0,3,0,0,0,0,0,['g534'],Not_Trojan
g535,dff,n13[14],"n513, n529, n0, n561",4,1,0,1,3,4,0,1,0,0,0,0,0,0,0,0,0,0,0,0,0,0,0,0,0,0,['g535'],Trojan
g536,not,n468,n467,1,0,0,0,4,7,3,31,0,0,0,2,1,0,1,0,0,0,0,0,2,1,0,1,0,0,['g536'],Trojan
g537,nor,n78,"n10[1], n10[0]",2,0,0,1,5,21,4,2,0,0,0,3,1,0,0,0,0,0,0,0,3,1,0,0,0,0,['g537'],Not_Trojan
g538,or,n518,"n558, n7[8]",2,0,0,1,2,5,1,-1,0,1,0,0,0,0,0,0,0,0,1,0,0,0,0,0,0,0,['g538'],Trojan
g539,or,n358,"n332, n342",2,0,0,0,5,2,1,0,0,1,0,0,0,0,0,0,0,0,1,0,0,0,0,0,0,0,['g539'],Not_Trojan
g540,not,n180,n11[1],1,0,0,1,4,12,2,2,0,1,0,23,2,0,0,0,0,0,1,0,23,2,0,0,0,0,['g540'],Not_Trojan
g541,nor,n469,"n7[14], n467",2,0,0,1,2,6,2,31,0,0,0,2,0,0,0,0,0,0,0,0,2,0,0,0,0,0,['g541'],Trojan
g542,dff,n14[3],"n558, 1'b1, n0, n579",4,1,1,1,2,13,0,1,0,0,0,0,0,0,0,0,0,0,0,0,0,0,0,0,0,0,['g542'],Trojan
g543,nor,n566,"n454, n455",2,0,0,0,3,5,1,0,0,0,0,1,0,0,0,0,0,0,0,0,1,0,0,0,0,0,['g543'],Trojan
g544,nor,n309,"n302, n305",2,0,0,0,5,7,4,4,0,0,0,19,1,0,0,0,0,0,0,0,19,1,0,0,0,0,['g544'],Not_Trojan
g545,xnor,n4[6],"n384, n6[6]",2,0,0,1,6,0,-1,2,0,0,0,0,0,0,0,0,0,0,0,0,0,0,0,0,0,0,['g545'],Not_Trojan
g546,not,n477,n14[2],1,0,0,1,3,16,3,2,0,0,0,18,5,0,1,0,0,0,0,0,18,5,0,1,0,0,['g546'],Trojan
g547,nor,n396,"n93, n94",2,0,0,0,6,22,3,3,0,0,0,2,1,0,0,0,0,0,0,0,2,1,0,0,0,0,['g547'],Not_Trojan
g548,not,n158,n393,1,0,0,0,7,18,2,4,0,0,0,1,1,0,0,0,0,0,0,0,1,1,0,0,0,0,['g548'],Not_Trojan
g549,nor,n205,"n193, n126",2,0,0,0,2,14,1,0,0,0,0,1,0,0,0,0,0,0,0,0,1,0,0,0,0,0,['g549'],Not_Trojan
g550,buf,n4[30],n4[31],1,0,0,1,5,0,-1,3,0,0,0,0,0,0,0,0,0,0,0,0,0,0,0,0,0,0,['g550'],Not_Trojan
g551,not,n153,n413,1,0,0,0,6,20,4,4,0,0,0,3,1,0,0,0,0,0,0,0,3,1,0,0,0,0,['g551'],Not_Trojan
g552,nor,n578,"n487, n488",2,0,0,0,4,11,1,0,0,0,0,1,0,0,0,0,0,0,0,0,1,0,0,0,0,0,['g552'],Trojan
g553,or,n515,"n558, n7[11]",2,0,0,1,2,5,1,-1,0,1,0,0,0,0,0,0,0,0,1,0,0,0,0,0,0,0,['g553'],Trojan
g554,not,n129,n13[13],1,0,0,1,4,4,3,2,0,1,0,1,1,0,0,0,0,0,1,0,1,1,0,0,0,0,['g554'],Not_Trojan
g555,dff,n5[7],"1'b1, 1'b1, n0, n227",4,1,1,1,3,8,0,1,0,0,0,0,0,0,0,0,0,0,0,0,0,0,0,0,0,0,['g555'],Not_Trojan
g556,nor,n344,"n13[8], n322",2,0,0,1,4,3,2,2,0,1,0,1,0,0,0,0,0,0,1,0,1,0,0,0,0,0,['g556'],Not_Trojan
g557,dff,n6[4],"1'b1, 1'b1, n0, n364",4,1,1,1,6,1,0,1,0,0,0,0,0,0,0,0,0,0,0,0,0,0,0,0,0,0,['g557'],Not_Trojan
g558,nor,n335,"n320, n312",2,0,0,0,6,9,2,4,0,0,0,2,0,0,0,0,0,0,0,0,2,0,0,0,0,0,['g558'],Not_Trojan
g559,not,n135,n13[4],1,0,0,1,4,4,3,2,0,1,0,1,1,0,0,0,0,0,1,0,1,1,0,0,0,0,['g559'],Not_Trojan
g560,nor,n336,"n315, n311",2,0,0,0,6,5,2,4,0,0,0,2,0,0,0,0,0,0,0,0,2,0,0,0,0,0,['g560'],Not_Trojan
g561,dff,n5[6],"1'b1, 1'b1, n0, n228",4,1,1,1,3,7,0,1,0,0,0,0,0,0,0,0,0,0,0,0,0,0,0,0,0,0,['g561'],Not_Trojan
g562,nor,n28,"n15, n27",2,0,0,0,6,13,10,3,0,3,0,21,2,0,0,0,0,0,3,0,21,2,0,0,0,0,['g562'],Not_Trojan
g563,dff,n6[7],"1'b1, 1'b1, n0, n361",4,1,1,1,6,1,0,1,0,0,0,0,0,0,0,0,0,0,0,0,0,0,0,0,0,0,['g563'],Not_Trojan
g564,nor,n287,"n267, n277",2,0,0,0,6,13,2,4,0,0,0,2,0,0,0,0,0,0,0,0,2,0,0,0,0,0,['g564'],Not_Trojan
g565,not,n497,n7[14],1,0,0,1,2,6,2,-1,0,1,0,0,1,0,0,0,0,0,1,0,0,1,0,0,0,0,['g565'],Trojan
g566,or,n525,"n558, n7[2]",2,0,0,1,2,5,1,-1,0,1,0,0,0,0,0,0,0,0,1,0,0,0,0,0,0,0,['g566'],Trojan
g567,or,n536,"n558, n500",2,0,0,0,2,5,1,-1,0,1,0,0,0,0,0,0,0,0,1,0,0,0,0,0,0,0,['g567'],Trojan
g568,not,n548,n14[6],1,0,0,1,3,9,5,2,0,1,0,54,15,0,2,0,0,0,1,0,54,15,0,2,0,0,['g568'],Trojan
g569,or,n532,"n558, n496",2,0,0,0,2,5,1,-1,0,1,0,0,0,0,0,0,0,0,1,0,0,0,0,0,0,0,['g569'],Trojan
g570,not,n80,n79,1,0,0,0,7,21,5,4,0,0,0,76,39,0,1,0,0,0,0,0,76,39,0,1,0,0,['g570'],Not_Trojan
g571,nor,n478,"n14[1], n14[0]",2,0,0,1,3,15,2,2,0,0,0,2,0,0,0,0,0,0,0,0,2,0,0,0,0,0,['g571'],Trojan
g572,buf,n4[27],n4[31],1,0,0,1,5,0,-1,3,0,0,0,0,0,0,0,0,0,0,0,0,0,0,0,0,0,0,['g572'],Not_Trojan
g573,not,n32,n8[3],1,0,0,1,4,13,18,2,0,44,0,58,6,0,1,2,0,0,44,0,58,6,0,1,2,0,['g573'],Not_Trojan
g574,not,n424,n7[3],1,0,0,1,2,8,4,-1,0,0,0,45,12,0,1,0,0,0,0,0,45,12,0,1,0,0,['g574'],Trojan
g575,or,n520,"n558, n7[6]",2,0,0,1,2,5,1,-1,0,1,0,0,0,0,0,0,0,0,1,0,0,0,0,0,0,0,['g575'],Trojan
g576,dff,n13[11],"n515, n532, n0, n564",4,1,0,1,3,4,0,1,0,0,0,0,0,0,0,0,0,0,0,0,0,0,0,0,0,0,['g576'],Trojan
g577,dff,n6[3],"1'b1, 1'b1, n0, n365",4,1,1,1,6,1,0,1,0,0,0,0,0,0,0,0,0,0,0,0,0,0,0,0,0,0,['g577'],Not_Trojan
g578,not,n508,n7[10],1,0,0,1,2,6,2,-1,0,1,0,0,1,0,0,0,0,0,1,0,0,1,0,0,0,0,['g578'],Trojan
g579,or,n23,"n18, n16",2,0,0,0,6,17,14,3,0,6,0,22,2,0,0,0,0,0,6,0,22,2,0,0,0,0,['g579'],Not_Trojan
g580,or,n215,"n12[0], n12[2]",2,0,0,1,4,7,4,2,0,1,0,23,1,0,0,0,0,0,1,0,23,1,0,0,0,0,['g580'],Not_Trojan
g581,xnor,n7[3],"n119, n2[19]",2,0,0,1,1,6,2,-1,0,2,0,45,13,0,2,1,0,0,2,0,45,13,0,2,1,0,['g581'],Not_Trojan
g582,nor,n112,"n77, n110",2,0,0,0,6,18,4,3,0,0,0,16,8,0,1,0,0,0,0,0,16,8,0,1,0,0,['g582'],Not_Trojan
g583,or,n263,"n210, n233",2,0,0,0,5,13,4,3,0,1,0,3,0,0,0,0,0,0,1,0,3,0,0,0,0,0,['g583'],Not_Trojan
g584,nor,n241,"n165, n209",2,0,0,0,3,14,1,0,0,0,0,1,0,0,0,0,0,0,0,0,1,0,0,0,0,0,['g584'],Not_Trojan
g585,nor,n206,"n126, n128",2,0,0,0,2,4,1,0,0,0,0,1,0,0,0,0,0,0,0,0,1,0,0,0,0,0,['g585'],Not_Trojan
g586,or,n366,"n328, n351",2,0,0,0,5,2,1,0,0,1,0,0,0,0,0,0,0,0,1,0,0,0,0,0,0,0,['g586'],Not_Trojan
g587,xor,n7[10],"n2[26], n2[10]",2,0,0,1,1,6,2,-1,0,2,0,20,6,0,2,0,0,0,2,0,20,6,0,2,0,0,['g587'],Not_Trojan
g588,nor,n88,"n66, n86",2,0,0,0,6,23,4,3,0,0,0,64,32,0,1,0,0,0,0,0,64,32,0,1,0,0,['g588'],Not_Trojan
g589,or,n261,"n235, n255",2,0,0,0,5,6,5,3,0,34,0,35,2,0,0,0,0,0,34,0,35,2,0,0,0,0,['g589'],Not_Trojan
g590,not,n483,n482,1,0,0,0,5,14,3,4,0,0,0,14,4,0,1,0,0,0,0,0,14,4,0,1,0,0,['g590'],Trojan
g591,dff,n5[1],"1'b1, 1'b1, n0, n201",4,1,1,1,3,6,0,1,0,0,0,0,0,0,0,0,0,0,0,0,0,0,0,0,0,0,['g591'],Not_Trojan
g592,or,n531,"n558, n498",2,0,0,0,2,5,1,-1,0,1,0,0,0,0,0,0,0,0,1,0,0,0,0,0,0,0,['g592'],Trojan
g593,dff,n9[5],"1'b1, 1'b1, n0, n207",4,1,1,1,3,14,0,1,0,0,0,0,0,0,0,0,0,0,0,0,0,0,0,0,0,0,['g593'],Not_Trojan
g594,nor,n58,"n8[5], n56",2,0,0,1,4,17,6,2,0,0,0,5,1,0,0,0,0,0,0,0,5,1,0,0,0,0,['g594'],Not_Trojan
g595,xnor,n4[7],"n384, n6[7]",2,0,0,1,6,0,-1,2,0,0,0,0,0,0,0,0,0,0,0,0,0,0,0,0,0,0,['g595'],Not_Trojan
g596,dff,n6[0],"1'b1, 1'b1, n0, n368",4,1,1,1,5,1,0,1,0,0,0,0,0,0,0,0,0,0,0,0,0,0,0,0,0,0,['g596'],Not_Trojan
g597,nor,n61,"n8[6], n59",2,0,0,1,4,17,6,2,0,0,0,5,1,0,0,0,0,0,0,0,5,1,0,0,0,0,['g597'],Not_Trojan
g598,not,n63,n10[6],1,0,0,1,5,24,5,2,0,0,0,52,27,0,1,0,0,0,0,0,52,27,0,1,0,0,['g598'],Not_Trojan
g599,dff,n6[1],"1'b1, 1'b1, n0, n366",4,1,1,1,6,1,0,1,0,0,0,0,0,0,0,0,0,0,0,0,0,0,0,0,0,0,['g599'],Not_Trojan
g600,or,n233,"n12[2], n212",2,0,0,1,4,14,5,2,0,2,0,3,0,0,0,0,0,0,2,0,3,0,0,0,0,0,['g600'],Not_Trojan
g601,not,n146,n13[10],1,0,0,1,4,4,3,2,0,1,0,1,1,0,0,0,0,0,1,0,1,1,0,0,0,0,['g601'],Not_Trojan
g602,xnor,n282,"n257, n8[0]",2,0,0,1,4,6,2,2,0,0,0,1,0,0,0,1,0,0,0,0,1,0,0,0,1,0,['g602'],Not_Trojan
g603,or,n354,"n318, n338",2,0,0,0,5,2,1,0,0,1,0,0,0,0,0,0,0,0,1,0,0,0,0,0,0,0,['g603'],Not_Trojan
g604,or,n26,"n17, n25",2,0,0,0,6,15,12,3,0,4,0,22,2,0,0,0,0,0,4,0,22,2,0,0,0,0,['g604'],Not_Trojan
g605,dff,n11[2],"1'b1, 1'b1, n0, n218",4,1,1,1,3,14,0,1,0,0,0,0,0,0,0,0,0,0,0,0,0,0,0,0,0,0,['g605'],Not_Trojan
g606,not,n144,n9[4],1,0,0,1,4,16,2,2,0,0,0,1,1,0,0,0,0,0,0,0,1,1,0,0,0,0,['g606'],Not_Trojan
g607,not,n505,n7[3],1,0,0,1,2,6,2,-1,0,1,0,0,1,0,0,0,0,0,1,0,0,1,0,0,0,0,['g607'],Trojan
g608,or,n22,"n10[11], n10[10]",2,0,0,1,5,18,15,2,0,7,0,22,2,0,0,0,0,0,7,0,22,2,0,0,0,0,['g608'],Not_Trojan
g609,dff,n12[1],"1'b1, 1'b1, n0, n370",4,1,1,1,3,9,0,1,0,0,0,0,0,0,0,0,0,0,0,0,0,0,0,0,0,0,['g609'],Not_Trojan
g610,dff,n6[2],"1'b1, 1'b1, n0, n367",4,1,1,1,6,1,0,1,0,0,0,0,0,0,0,0,0,0,0,0,0,0,0,0,0,0,['g610'],Not_Trojan
g611,xor,n7[12],"n2[28], n2[12]",2,0,0,1,1,6,2,-1,0,2,0,12,4,0,2,0,0,0,2,0,12,4,0,2,0,0,['g611'],Not_Trojan
g612,dff,n10[8],"1'b1, 1'b1, n0, n244",4,1,1,1,4,19,0,1,0,0,0,0,0,0,0,0,0,0,0,0,0,0,0,0,0,0,['g612'],Not_Trojan
g613,nor,n246,"n149, n209",2,0,0,0,3,20,1,0,0,0,0,1,0,0,0,0,0,0,0,0,1,0,0,0,0,0,['g613'],Not_Trojan
g614,xor,n575,"n14[7], n494",2,0,0,1,3,12,1,0,0,0,0,0,0,0,1,0,0,0,0,0,0,0,0,1,0,0,['g614'],Trojan
g615,not,n430,n7[1],1,0,0,1,2,7,3,-1,0,0,0,51,14,0,2,0,0,0,0,0,51,14,0,2,0,0,['g615'],Trojan
g616,not,n475,n14[1],1,0,0,1,3,16,3,2,0,0,0,22,6,0,1,0,0,0,0,0,22,6,0,1,0,0,['g616'],Trojan
g617,dff,n6[8],"1'b1, 1'b1, n0, n360",4,1,1,1,6,1,0,1,0,0,0,0,0,0,0,0,0,0,0,0,0,0,0,0,0,0,['g617'],Not_Trojan
g618,dff,n8[2],"1'b1, 1'b1, n0, n299",4,1,1,1,3,14,0,1,0,0,0,0,0,0,0,0,0,0,0,0,0,0,0,0,0,0,['g618'],Not_Trojan
g619,nor,n105,"n10[10], n103",2,0,0,1,5,23,4,2,0,0,0,3,1,0,0,0,0,0,0,0,3,1,0,0,0,0,['g619'],Not_Trojan
g620,nor,n218,"n180, n126",2,0,0,0,2,15,1,0,0,0,0,1,0,0,0,0,0,0,0,0,1,0,0,0,0,0,['g620'],Not_Trojan
g621,nor,n49,"n8[2], n47",2,0,0,1,4,20,6,2,0,0,0,5,1,0,0,0,0,0,0,0,5,1,0,0,0,0,['g621'],Not_Trojan
g622,nor,n482,"n477, n480",2,0,0,0,4,15,2,3,0,0,0,18,4,0,1,0,0,0,0,0,18,4,0,1,0,0,['g622'],Trojan
g623,not,n98,n97,1,0,0,0,7,24,5,4,0,0,0,40,21,0,1,0,0,0,0,0,40,21,0,1,0,0,['g623'],Not_Trojan
g624,not,n44,n8[5],1,0,0,1,4,18,7,2,0,0,0,18,6,0,1,0,0,0,0,0,18,6,0,1,0,0,['g624'],Not_Trojan
g625,not,n147,n13[6],1,0,0,1,4,4,3,2,0,1,0,1,1,0,0,0,0,0,1,0,1,1,0,0,0,0,['g625'],Not_Trojan
g626,not,n551,n14[7],1,0,0,1,3,10,6,2,0,2,0,54,15,0,2,0,0,0,2,0,54,15,0,2,0,0,['g626'],Trojan
g627,or,n523,"n558, n7[4]",2,0,0,1,2,5,1,-1,0,1,0,0,0,0,0,0,0,0,1,0,0,0,0,0,0,0,['g627'],Trojan
g628,not,n421,n7[5],1,0,0,1,2,7,3,-1,0,0,0,38,10,0,1,0,0,0,0,0,38,10,0,1,0,0,['g628'],Trojan
g629,dff,n13[12],"n512, n531, n0, n563",4,1,0,1,3,4,0,1,0,0,0,0,0,0,0,0,0,0,0,0,0,0,0,0,0,0,['g629'],Trojan
g630,not,n419,n7[13],1,0,0,1,2,7,3,-1,0,0,0,6,2,0,1,0,0,0,0,0,6,2,0,1,0,0,['g630'],Trojan
g631,or,n357,"n323, n341",2,0,0,0,5,2,1,0,0,1,0,0,0,0,0,0,0,0,1,0,0,0,0,0,0,0,['g631'],Not_Trojan
g632,not,n148,n399,1,0,0,0,7,21,2,4,0,0,0,1,1,0,0,0,0,0,0,0,1,1,0,0,0,0,['g632'],Not_Trojan
g633,xnor,n7[7],"n2[23], n123",2,0,0,1,1,6,2,-1,0,2,0,32,9,0,1,1,0,0,2,0,32,9,0,1,1,0,['g633'],Not_Trojan
g634,not,n142,n13[14],1,0,0,1,4,4,3,2,0,1,0,1,1,0,0,0,0,0,1,0,1,1,0,0,0,0,['g634'],Not_Trojan
g635,nor,n313,"n172, n308",2,0,0,0,5,12,3,3,0,0,0,3,0,0,0,0,0,0,0,0,3,0,0,0,0,0,['g635'],Not_Trojan
g636,nor,n404,"n117, n118",2,0,0,0,6,16,3,3,0,0,0,2,1,0,0,0,0,0,0,0,2,1,0,0,0,0,['g636'],Not_Trojan
g637,not,n71,n10[1],1,0,0,1,5,22,5,2,0,0,0,82,42,0,1,0,0,0,0,0,82,42,0,1,0,0,['g637'],Not_Trojan
g638,not,n499,n7[4],1,0,0,1,2,6,2,-1,0,1,0,0,1,0,0,0,0,0,1,0,0,1,0,0,0,0,['g638'],Trojan
g639,or,n533,"n558, n508",2,0,0,0,2,5,1,-1,0,1,0,0,0,0,0,0,0,0,1,0,0,0,0,0,0,0,['g639'],Trojan
g640,nor,n448,"n7[7], n446",2,0,0,1,2,6,2,17,0,0,0,2,0,0,0,0,0,0,0,0,2,0,0,0,0,0,['g640'],Trojan
g641,dff,n6[9],"1'b1, 1'b1, n0, n359",4,1,1,1,6,1,0,1,0,0,0,0,0,0,0,0,0,0,0,0,0,0,0,0,0,0,['g641'],Not_Trojan
g642,nor,n244,"n171, n209",2,0,0,0,3,20,1,0,0,0,0,1,0,0,0,0,0,0,0,0,1,0,0,0,0,0,['g642'],Not_Trojan
g643,not,n163,n402,1,0,0,0,7,17,2,4,0,0,0,1,1,0,0,0,0,0,0,0,1,1,0,0,0,0,['g643'],Not_Trojan
g644,or,n356,"n314, n340",2,0,0,0,5,2,1,0,0,1,0,0,0,0,0,0,0,0,1,0,0,0,0,0,0,0,['g644'],Not_Trojan
g645,nor,n328,"n139, n307",2,0,0,0,5,3,2,3,0,1,0,1,0,0,0,0,0,0,1,0,1,0,0,0,0,0,['g645'],Not_Trojan
g646,nor,n94,"n63, n92",2,0,0,0,6,23,4,3,0,0,0,52,26,0,1,0,0,0,0,0,52,26,0,1,0,0,['g646'],Not_Trojan
g647,nor,n232,"n188, n126",2,0,0,0,2,16,1,0,0,0,0,1,0,0,0,0,0,0,0,0,1,0,0,0,0,0,['g647'],Not_Trojan
g648,or,n538,"n558, n507",2,0,0,0,2,5,1,-1,0,1,0,0,0,0,0,0,0,0,1,0,0,0,0,0,0,0,['g648'],Trojan
g649,not,n157,n394,1,0,0,0,7,21,2,4,0,0,0,1,1,0,0,0,0,0,0,0,1,1,0,0,0,0,['g649'],Not_Trojan
g650,not,n137,n13[8],1,0,0,1,4,4,3,2,0,1,0,1,1,0,0,0,0,0,1,0,1,1,0,0,0,0,['g650'],Not_Trojan
g651,not,n177,n10[0],1,0,0,1,5,9,8,2,0,34,0,37,3,0,0,0,0,0,34,0,37,3,0,0,0,0,['g651'],Not_Trojan
g652,nor,n288,"n271, n278",2,0,0,0,6,13,2,4,0,0,0,2,0,0,0,0,0,0,0,0,2,0,0,0,0,0,['g652'],Not_Trojan
g653,nor,n317,"n133, n307",2,0,0,0,5,3,2,3,0,1,0,1,0,0,0,0,0,0,1,0,1,0,0,0,0,0,['g653'],Not_Trojan
g654,nor,n85,"n65, n83",2,0,0,0,6,20,4,3,0,0,0,70,35,0,1,0,0,0,0,0,70,35,0,1,0,0,['g654'],Not_Trojan
g655,nor,n461,"n420, n459",2,0,0,0,3,6,2,26,0,0,0,14,3,0,1,0,0,0,0,0,14,3,0,1,0,0,['g655'],Trojan
g656,nor,n297,"n126, n288",2,0,0,0,2,12,1,0,0,0,0,1,0,0,0,0,0,0,0,0,1,0,0,0,0,0,['g656'],Not_Trojan
g657,not,n423,n7[14],1,0,0,1,2,7,3,-1,0,0,0,2,1,0,1,0,0,0,0,0,2,1,0,1,0,0,['g657'],Trojan
g658,not,n194,n8[7],1,0,0,1,4,16,4,2,0,0,0,3,1,0,0,0,0,0,0,0,3,1,0,0,0,0,['g658'],Not_Trojan
g659,not,n447,n446,1,0,0,0,4,7,3,17,0,0,0,30,8,0,1,0,0,0,0,0,30,8,0,1,0,0,['g659'],Trojan
g660,not,n190,n9[3],1,0,0,1,4,14,2,2,0,5,0,21,2,0,0,0,0,0,5,0,21,2,0,0,0,0,['g660'],Not_Trojan
g661,nor,n400,"n105, n106",2,0,0,0,6,22,3,3,0,0,0,2,1,0,0,0,0,0,0,0,2,1,0,0,0,0,['g661'],Not_Trojan
g662,nor,n332,"n146, n307",2,0,0,0,5,3,2,3,0,1,0,1,0,0,0,0,0,0,1,0,1,0,0,0,0,0,['g662'],Not_Trojan
g663,nor,n455,"n422, n453",2,0,0,0,3,6,2,22,0,0,0,22,5,0,1,0,0,0,0,0,22,5,0,1,0,0,['g663'],Trojan
g664,or,n530,"n558, n501",2,0,0,0,2,5,1,-1,0,1,0,0,0,0,0,0,0,0,1,0,0,0,0,0,0,0,['g664'],Trojan
g665,nor,n276,"n155, n256",2,0,0,0,7,14,3,5,0,0,0,3,0,0,0,0,0,0,0,0,3,0,0,0,0,0,['g665'],Not_Trojan
g666,not,n42,n8[3],1,0,0,1,4,19,7,2,0,0,0,38,12,0,1,0,0,0,0,0,38,12,0,1,0,0,['g666'],Not_Trojan
g667,dff,n13[4],"n523, n539, n0, n571",4,1,0,1,3,4,0,1,0,0,0,0,0,0,0,0,0,0,0,0,0,0,0,0,0,0,['g667'],Trojan
g668,or,n372,"n385, n5[2]",2,0,0,1,4,4,9,2,0,38,0,57,4,0,1,2,0,0,38,0,57,4,0,1,2,0,['g668'],Not_Trojan
g669,nor,n561,"n469, n470",2,0,0,0,3,5,1,0,0,0,0,1,0,0,0,0,0,0,0,0,1,0,0,0,0,0,['g669'],Trojan
g670,not,n133,n13[15],1,0,0,1,4,4,3,2,0,1,0,1,1,0,0,0,0,0,1,0,1,1,0,0,0,0,['g670'],Not_Trojan
g671,not,n15,n10[12],1,0,0,1,5,14,11,2,0,3,0,21,3,0,0,0,0,0,3,0,21,3,0,0,0,0,['g671'],Not_Trojan
g672,or,n374,"n386, n5[4]",2,0,0,1,4,7,12,2,0,41,0,57,4,0,1,2,0,0,41,0,57,4,0,1,2,0,['g672'],Not_Trojan
g673,or,n524,"n558, n7[3]",2,0,0,1,2,5,1,-1,0,1,0,0,0,0,0,0,0,0,1,0,0,0,0,0,0,0,['g673'],Trojan
g674,not,n76,n10[0],1,0,0,1,5,22,5,2,0,0,0,82,42,0,1,0,0,0,0,0,82,42,0,1,0,0,['g674'],Not_Trojan
g675,nor,n348,"n13[4], n322",2,0,0,1,4,3,2,2,0,1,0,1,0,0,0,0,0,0,1,0,1,0,0,0,0,0,['g675'],Not_Trojan
g676,nor,n103,"n72, n101",2,0,0,0,6,23,4,3,0,0,0,34,17,0,1,0,0,0,0,0,34,17,0,1,0,0,['g676'],Not_Trojan
g677,nor,n391,"n79, n78",2,0,0,0,6,20,3,3,0,0,0,2,1,0,0,0,0,0,0,0,2,1,0,0,0,0,['g677'],Not_Trojan
g678,nor,n318,"n142, n307",2,0,0,0,5,3,2,3,0,1,0,1,0,0,0,0,0,0,1,0,1,0,0,0,0,0,['g678'],Not_Trojan
g679,not,n77,n10[12],1,0,0,1,5,19,5,2,0,0,0,16,9,0,1,0,0,0,0,0,16,9,0,1,0,0,['g679'],Not_Trojan
g680,not,n169,n11[3],1,0,0,1,4,12,9,2,0,1,0,22,2,0,0,0,0,0,1,0,22,2,0,0,0,0,['g680'],Not_Trojan
g681,not,n186,n8[4],1,0,0,1,4,15,4,2,0,0,0,3,1,0,0,0,0,0,0,0,3,1,0,0,0,0,['g681'],Not_Trojan
g682,nor,n270,"n168, n256",2,0,0,0,7,17,3,5,0,0,0,3,0,0,0,0,0,0,0,0,3,0,0,0,0,0,['g682'],Not_Trojan
g683,xnor,n4[1],"n384, n6[1]",2,0,0,1,6,0,-1,2,0,0,0,0,0,0,0,0,0,0,0,0,0,0,0,0,0,0,['g683'],Not_Trojan
g684,nor,n300,"n126, n291",2,0,0,0,2,17,1,0,0,0,0,1,0,0,0,0,0,0,0,0,1,0,0,0,0,0,['g684'],Not_Trojan
g685,nor,n231,"n177, n172",2,0,0,0,5,8,7,3,0,34,0,37,2,0,0,0,0,0,34,0,37,2,0,0,0,0,['g685'],Not_Trojan
g686,nor,n222,"n183, n126",2,0,0,0,2,6,1,0,0,0,0,1,0,0,0,0,0,0,0,0,1,0,0,0,0,0,['g686'],Not_Trojan
g687,nor,n333,"n136, n307",2,0,0,0,5,3,2,3,0,1,0,1,0,0,0,0,0,0,1,0,1,0,0,0,0,0,['g687'],Not_Trojan
g688,dff,n5[5],"1'b1, 1'b1, n0, n224",4,1,1,1,3,9,0,1,0,0,0,0,0,0,0,0,0,0,0,0,0,0,0,0,0,0,['g688'],Not_Trojan
g689,nor,n273,"n184, n257",2,0,0,0,5,19,3,3,0,0,0,3,0,0,0,0,0,0,0,0,3,0,0,0,0,0,['g689'],Not_Trojan
g690,xnor,n4[31],"n6[16], n384",2,0,0,1,4,0,-1,2,0,0,0,0,0,0,0,1,0,0,0,0,0,0,0,0,1,0,['g690'],Not_Trojan
g691,not,n154,n410,1,0,0,0,6,15,4,4,0,0,0,3,1,0,0,0,0,0,0,0,3,1,0,0,0,0,['g691'],Not_Trojan
g692,xor,n572,"n7[3], n435",2,0,0,1,2,5,1,0,0,0,0,0,0,0,1,0,0,0,0,0,0,0,0,1,0,0,['g692'],Trojan
g693,nor,n437,"n424, n436",2,0,0,0,3,7,3,10,0,0,0,45,11,0,1,0,0,0,0,0,45,11,0,1,0,0,['g693'],Trojan
g694,or,n237,"n200, n198",2,0,0,0,5,12,9,3,0,4,0,20,1,0,0,0,0,0,4,0,20,1,0,0,0,0,['g694'],Not_Trojan
g695,nor,n203,"n195, n126",2,0,0,0,2,14,1,0,0,0,0,1,0,0,0,0,0,0,0,0,1,0,0,0,0,0,['g695'],Not_Trojan
g696,or,n259,"n180, n230",2,0,0,0,5,11,8,3,0,1,0,22,1,0,0,0,0,0,1,0,22,1,0,0,0,0,['g696'],Not_Trojan
g697,or,n353,"n317, n337",2,0,0,0,5,2,1,0,0,1,0,0,0,0,0,0,0,0,1,0,0,0,0,0,0,0,['g697'],Not_Trojan
g698,or,n406,"n33, n38",2,0,0,0,5,9,14,3,0,42,0,57,5,0,1,2,0,0,42,0,57,5,0,1,2,0,['g698'],Not_Trojan
g699,nor,n108,"n10[11], n106",2,0,0,1,5,23,4,2,0,0,0,3,1,0,0,0,0,0,0,0,3,1,0,0,0,0,['g699'],Not_Trojan
g700,nor,n484,"n14[3], n482",2,0,0,1,3,15,2,2,0,0,0,2,0,0,0,0,0,0,0,0,2,0,0,0,0,0,['g700'],Trojan
g701,nor,n228,"n196, n126",2,0,0,0,2,8,1,0,0,0,0,1,0,0,0,0,0,0,0,0,1,0,0,0,0,0,['g701'],Not_Trojan
g702,dff,n9[0],"1'b1, 1'b1, n0, n220",4,1,1,1,3,5,0,1,0,0,0,0,0,0,0,0,0,0,0,0,0,0,0,0,0,0,['g702'],Not_Trojan
